0,7.110116143555951
1,3.158355211851805
2,1.2781862618556383
3,-5.96021300062541
4,-0.68958337010663
5,1.9007516696990532
6,2.9863170694489862
7,-1.4370371537094737
8,-2.685632221279719
9,1.8398059327200404
10,2.1752747384525786
11,2.241480697791897
12,-7.183648415805781
13,-1.6319632470625045
14,1.2396431285301748
15,8.728511286501853
16,-1.9623963790631431
17,-3.5246660107902765
18,-8.55115703117935
19,5.21435023342514
20,3.563017419928002
21,5.371394990905785
22,-7.423224313604361
23,-3.238036779859231
24,-1.2887037411625628
25,6.086764167818422
26,0.1568730972644854
27,-1.8686312334890234
28,-2.5102933305620834
29,1.8917120500181142
30,3.122586071837841
31,-2.3961583833081965
32,-3.058403254131911
33,-2.365728452943559
34,6.5351789819905814
35,1.314641516978761
36,-0.4253942871326142
37,-8.882151679610478
38,2.131381882488405
39,2.7641331036370778
40,8.640045125398014
41,-5.092535685516829
42,-3.7442933628120665
43,-5.310287073661309
44,6.5185004868443714
45,2.9816451475365784
46,1.2278231167718463
47,-6.601182357277479
48,-1.1011258121934735
49,1.9956439290748778
50,3.6356133974347493
51,-1.9052545604525946
52,-2.578763021956373
53,1.1548994716700194
54,2.3196591086081
55,2.242909491278957
56,-5.895171757561211
57,-1.6077656731719607
58,0.4036565764758213
59,8.775824232259207
60,-1.750560672847601
61,-2.8179861822040695
62,-9.008630817083343
63,4.493484114546312
64,3.9358044448912155
65,5.676248145824633
66,-7.272875006952525
67,-3.4533190767817414
68,-1.9856689878558647
69,6.108196894087469
70,0.9274742426693656
71,-1.62818715697898
72,-3.3940861862158243
73,1.6188660616924477
74,2.657438843013624
75,-1.0516786636875972
76,-2.3750524278309064
77,-2.3219633589862605
78,5.886222267941128
79,1.7100386260986906
80,0.19428772385856685
81,-8.343716761473809
82,1.2942058917165284
83,2.2702197350768345
84,8.436616814862752
85,-4.868877846972165
86,-3.6556309345404454
87,-5.575386138448875
88,7.316922545528321
89,3.5525581132455253
90,1.8762249975477445
91,-6.851531378404942
92,-0.6771078800360226
93,1.1480342980663316
94,3.5893135970475543
95,-1.0823648567925201
96,-2.9328350926455005
97,1.3755315164104447
98,2.804565329997665
99,2.360495577167233
100,-5.470333763327211
101,-1.3002016058398573
102,0.35017215404559
103,8.537380661353328
104,-0.7012557129465599
105,-2.3208536411733025
106,-8.354824571308015
107,4.332921576631554
108,3.3769658417041626
109,6.237390066018005
110,-6.9067057385156225
111,-3.112625209103801
112,-2.476777557366891
113,6.864102324017342
114,0.6256523010343924
115,-1.677780042346914
116,-4.216149167098115
117,1.4632435743111776
118,3.293227543083633
119,-0.6555428716901532
120,-2.3189015770140493
121,-2.467411523908732
122,4.9821547902008
123,1.699998035280967
124,0.5442305126030265
125,-8.856702345965374
126,0.3253211128131057
127,2.478801637715699
128,9.39462159859355
129,-4.157346688031824
130,-4.293514597589188
131,-6.771336849232912
132,6.213004795454234
133,3.448142728467753
134,2.83048465400095
135,-6.5846263144533985
136,-1.6977704019482376
137,1.2167248541268285
138,4.127053790396619
139,-1.129562180005907
140,-3.268462455487881
141,0.7821886173060664
142,3.008656740395782
143,2.6378140976495583
144,-5.158044492505548
145,-2.0300551512839773
146,0.1717176155596125
147,8.403856732029045
148,-0.44667324766462024
149,-2.820520936127582
150,-8.668031153231837
151,3.5388777101551643
152,3.509101244495983
153,7.004839882704861
154,-6.8072199910011815
155,-3.8921469975703133
156,-2.726663233548796
157,6.919403403518819
158,1.7164368741372513
159,-0.645585172971948
160,-4.892689233247704
161,1.5449413928102933
162,3.2248266374150663
163,0.33669956923883027
164,-2.9022801630680934
165,-2.899499118367162
166,4.893331440041337
167,1.5960548926697316
168,0.44487600855990994
169,-7.869603143116392
170,0.8469149656816337
171,2.674530260419196
172,9.113962234987067
173,-4.1513508164347614
174,-3.3788455586080604
175,-7.1091027233718105
176,6.2456064637867055
177,3.190521232114091
178,3.4791729475025903
179,-6.978419453910354
180,-1.3063701943402812
181,0.5175079874404618
182,4.749681971262494
183,-0.5564068071633836
184,-3.178941294347081
185,-0.6120085432344265
186,2.231595662368534
187,2.599314092995949
188,-4.287066924633876
189,-1.9001390843236463
190,-0.20784407631748192
191,8.471523267861963
192,-0.2666418160154407
193,-2.2854964697952456
194,-8.843617879939403
195,3.820159004019934
196,3.803837475614344
197,7.544251152291958
198,-6.303445132711152
199,-3.0939705367309527
200,-3.2603705220924586
201,7.302469175683357
202,1.7544789913223102
203,-0.4513134493838694
204,-4.815036348406358
205,0.9917985171467647
206,3.159899082814824
207,0.33048898355127665
208,-2.0299446844824005
209,-3.1767318059947014
210,4.407361356488545
211,2.1634624792848163
212,0.35625295128145673
213,-8.169820410608072
214,-0.3774377688370427
215,2.0870879805283167
216,8.82251652916244
217,-3.8490491333619476
218,-3.5109871727154007
219,-7.6415880128703675
220,6.448155844790426
221,3.9252255459513865
222,4.005608542301893
223,-6.966271611101834
224,-2.0520497267901203
225,0.177082697293242
226,5.382050768692584
227,-0.3086887337398855
228,-2.4871169436742635
229,-1.039393979669831
230,2.5392287547672105
231,2.825239971613189
232,-4.571684367416439
233,-2.3770441452040667
234,-1.0324756238987312
235,8.372593054065645
236,0.04311885745894661
237,-1.5464636827382274
238,-9.262399289365844
239,3.2093422923249153
240,3.8939091454581796
241,7.789599386801299
242,-5.859139165299379
243,-3.3699069546766536
244,-3.738748652752438
245,7.341381784667224
246,2.007316632529919
247,0.06291523933796384
248,-5.718787212684402
249,0.2406710521370754
250,2.8504413974821867
251,1.6766390496856132
252,-2.0638356446340067
253,-2.7429349569887655
254,4.030352523344687
255,2.1815209243543205
256,1.0548161592738428
257,-7.280700917622281
258,-0.02083008174988288
259,1.1540778366401905
260,9.138604741936778
261,-3.0266742541295852
262,-3.88025425954849
263,-8.064277980500552
264,6.33511613153536
265,3.3198798454667346
266,4.622628582081689
267,-7.213459247326141
268,-2.243786860804861
269,-0.17540607127745378
270,5.39168772087972
271,-0.20540441106941287
272,-2.0314455116409067
273,-1.3222123533362102
274,2.093313447787585
275,3.113802732368173
276,-3.375290760092997
277,-2.5969419953269632
278,-0.9914907675848311
279,7.379922987483997
280,0.7406158195859707
281,-1.7880503747639298
282,-8.982220377759944
283,2.640249505214979
284,3.7655889054047575
285,7.472645942289952
286,-5.99038772362071
287,-3.6543993217622988
288,-4.470152704056167
289,7.279655550883861
290,2.5166347379340994
291,0.21503272415642938
292,-5.270266634393162
293,-0.036280406164651335
294,2.2894945769266415
295,1.668268851743079
296,-2.5817355352137366
297,-3.0493371449179207
298,3.534747515814047
299,2.661808862423037
300,1.493775392148958
301,-7.3287327926419685
302,-0.6841821470698217
303,0.7857999481677229
304,9.179053439600725
305,-2.486878345817198
306,-3.370155575799197
307,-8.110188615288497
308,6.1212360532294126
309,3.787619531774662
310,5.064133769637133
311,-7.501371824296169
312,-2.036616205337838
313,-0.491063969944046
314,5.4668427003857225
315,0.19022582424973222
316,-2.0532055833401976
317,-2.342584840033494
318,2.5877475433139248
319,3.2896430777768457
320,-2.5950184982604885
321,-2.0724039795972162
322,-1.954503999333678
323,7.321181429299433
324,0.6940702381908266
325,-1.4387730848383442
326,-8.655847847469596
327,2.057680619986125
328,3.311449309886389
329,7.993632055120274
330,-5.429615509837512
331,-4.225234515021315
332,-5.22787559316593
333,6.955473740860419
334,2.9790034358942847
335,1.1617884229008872
336,-6.0613956583603965
337,-0.3952096460600324
338,1.9663884990650216
339,1.9589949217362363
340,-1.8823522606213254
341,-2.7358309461692154
342,2.711537992204843
343,2.538958750986004
344,1.8115609185414696
345,-6.754783075505736
346,-0.6655034607441691
347,0.7088648114982767
348,9.3334908863943
349,-1.9380002122832565
350,-3.565446760654575
351,-7.8179282268104044
352,5.148026058645094
353,3.7467734297630235
354,5.08145819988757
355,-6.997852665428819
356,-2.946099290849335
357,-1.287895549733563
358,6.4043578323553945
359,0.28069316940407874
360,-2.084382114601068
361,-2.6967862887401677
362,2.070385168282461
363,3.3243095252796975
364,-1.849056832806434
365,-2.4254810373914317
366,-2.16243158499211
367,6.31622829387833
368,0.7267556276838489
369,-0.7069739800246284
370,-8.572736602075217
371,1.5963802147831654
372,3.5344363369382403
373,8.362559345362484
374,-4.945958741491606
375,-3.9580811506092366
376,-4.861212329321194
377,7.007348044794266
378,2.878537445517635
379,0.9883658698954232
380,-6.492961409430112
381,-0.0403224855817822
382,2.3567587253616598
383,2.5536452612549216
384,-1.747587304412125
385,-2.880077402534781
386,2.000319376233046
387,3.022424403562013
388,1.7705005065724855
389,-6.108211040720517
390,-1.2866231545175641
391,1.030244407491639
392,9.074422173626251
393,-1.6937927021294836
394,-2.842205735522717
395,-8.561406572290334
396,4.871711203853341
397,4.175959916341383
398,5.193721026880351
399,-6.66678297784115
400,-2.8340782159372755
401,-1.139125086296892
402,6.021108989335123
403,0.33032127730775285
404,-1.6623429622122874
405,-3.0320765912426833
406,1.221955587493992
407,2.7595262761081845
408,-2.0549836905732346
409,-2.31940962496805
410,-1.949700115620188
411,6.718250091290936
412,1.6357185265227243
413,-0.8789983284987706
414,-8.449316681517708
415,1.8700275181727326
416,2.658669429756541
417,8.763626242954407
418,-4.864130579541168
419,-3.86843689240089
420,-6.05468254292776
421,7.111476213117
422,2.71837564634074
423,2.3157606391081678
424,-6.979661663459352
425,-0.6950654815658381
426,1.5271381218444033
427,3.277344609972464
428,-1.1566777672053046
429,-3.0448948738614785
430,1.447630946076886
431,2.872465549181401
432,2.6312116841111393
433,-5.93550492176516
434,-1.6017760897944946
435,0.6755258148366665
436,8.774125730473592
437,-1.1385729222092333
438,-2.951300045101867
439,-8.452630458458525
440,4.826458800104163
441,3.817537741211826
442,5.760522678584227
443,-6.933308323086348
444,-3.172063730722889
445,-1.6391184707966784
446,6.406714472032614
447,0.9117212173126923
448,-1.6308872632520668
449,-3.759140894899625
450,1.9556760019970993
451,2.715738810484978
452,-0.5806854671630461
453,-2.7956127013364487
454,-2.297071304756922
455,5.61138674876251
456,1.5431168236727966
457,0.35736928477675767
458,-8.668799216513822
459,1.4167268818291792
460,2.842893359937449
461,9.019478079040905
462,-4.132508558578152
463,-3.4815439198988276
464,-6.124313694929077
465,7.053369322595704
466,3.63346456096125
467,2.6412881805075625
468,-6.39416562835085
469,-1.3852142222293078
470,0.7746630919562574
471,4.333656192066836
472,-1.2301378055484338
473,-2.557862328820182
474,1.0042798563603519
475,2.5361257720611947
476,2.5737900988112834
477,-5.034516614102625
478,-1.7812207983358221
479,-0.46769788125702044
480,8.980211968656661
481,-1.1442846996099196
482,-2.565612156659057
483,-8.911549628658584
484,4.627557201054071
485,4.082007845958825
486,6.404030652888324
487,-7.053744133823652
488,-3.0478332510419346
489,-2.1488301288654403
490,7.26251709963064
491,1.5829319307395169
492,-0.9815597141002366
493,-4.333926523360816
494,0.9985148698209998
495,2.8715486960531353
496,-0.08379922540980322
497,-2.62949305857648
498,-2.489596255246111
499,4.708095194854014
500,2.409127709850342
501,0.5028925992241362
502,-8.043257601628177
503,0.3317735746130702
504,2.7861922713602696
505,9.438549958117182
506,-3.5880953845340136
507,-4.147369825277062
508,-7.098153119929413
509,6.488421656896371
510,3.2732020145885414
511,2.391423989137389
512,-7.147922001914307
513,-1.8216799895596412
514,1.1919217691431374
515,4.635437374256771
516,-0.6444451146155168
517,-2.7053925923963686
518,-0.22144623102147276
519,2.287168013724914
520,2.492971031277073
521,-5.127254169273074
522,-1.9225254433221566
523,-0.849633426517158
524,8.79453148280818
525,-0.09703765678273835
526,-1.9067826053831678
527,-8.591251943781959
528,3.455782316805621
529,3.3053589598006927
530,6.777985512077713
531,-6.1755574292143525
532,-3.0215020679131595
533,-2.914220150261574
534,7.179884238315948
535,1.8846588774168773
536,-0.8797532874377243
537,-4.687148654272332
538,0.8878856903744443
539,3.1126892172316403
540,0.14206094867294816
541,-2.4796457422956433
542,-2.188064157418673
543,4.666121936565665
544,2.3568337290917656
545,1.0610304260922023
546,-8.394995694484491
547,0.6123401237430315
548,1.7147611425987885
549,8.905778769604403
550,-3.504411735873976
551,-3.525443328535676
552,-7.541502992804441
553,6.440075418841266
554,3.5000708256209565
555,3.613683373665947
556,-6.797551530955719
557,-1.9408442890358863
558,0.6779306142552532
559,4.623515636541987
560,-0.3362801380556071
561,-2.4187009040026926
562,-0.1687102099967105
563,2.2018269413321385
564,2.8205993660065882
565,-4.090909729434604
566,-2.2179917302860623
567,-1.0056419383009514
568,7.932116203542732
569,-0.42922155125565176
570,-1.7882843190636653
571,-8.886541338308561
572,2.9612078992686777
573,3.654334398796613
574,7.276415832238617
575,-6.453540885452525
576,-3.616780213244047
577,-3.807859049063688
578,6.926718691521433
579,1.466587979992288
580,-0.1915770862516153
581,-4.687954314264854
582,0.15202157969885977
583,2.164214671011719
584,1.3163755333839864
585,-2.4609800366024728
586,-2.5096899191666817
587,3.7336524656283636
588,2.8116141412469013
589,0.7365401834383878
590,-7.4972417220215535
591,0.11862755962440164
592,1.749987306678206
593,9.613522984821632
594,-2.8317614403050926
595,-3.3591508256630087
596,-7.300465101927854
597,5.6927694200887755
598,3.857633300338076
599,3.619728015382724
600,-6.936928115060047
601,-2.2058686479240786
602,0.38832455055139714
603,5.166743099849878
604,-0.6685713808757985
605,-2.415534766163968
606,-1.5699535155944297
607,2.1606153729565696
608,2.886585098874629
609,-3.9018803647730915
610,-2.495074362182262
611,-1.5388183459269995
612,7.361248170296491
613,0.6764858534167957
614,-1.9038245116628971
615,-8.837155353563707
616,2.514821574334598
617,3.585057375342509
618,7.933357595873586
619,-6.330386241661098
620,-3.9877779104423006
621,-3.7605753710733896
622,6.885749232803721
623,2.1227911422850405
624,-0.10417771493449046
625,-5.166398366537232
626,0.6640220060586333
627,2.5124932932633923
628,1.2211704503725036
629,-2.7043367376774605
630,-2.3888413919514075
631,3.823375550078632
632,2.3012093415947925
633,1.5191251115331639
634,-7.414611352989524
635,-0.362747400349427
636,1.820042464925507
637,9.505918235578623
638,-2.9499187470246753
639,-3.50616302283904
640,-7.433775114180595
641,6.095567107253495
642,3.8335308259055854
643,4.15844302491117
644,-7.187114148747873
645,-1.8349381479830702
646,-0.8542397624057525
647,5.537260521300481
648,0.2086305076666234
649,-2.3396935338511886
650,-1.5237709945293507
651,1.8254446006682339
652,2.7007838710482277
653,-3.63617595708191
654,-2.4305211410488785
655,-1.5224504175761955
656,7.730904583434002
657,0.8962633857962032
658,-1.743534885925393
659,-9.249473757972986
660,2.731708891910468
661,2.8884196233583355
662,8.053038761127036
663,-5.35300381818992
664,-4.035004953746988
665,-5.012698271256973
666,7.205601439119368
667,2.247363387036715
668,0.625386708205014
669,-5.867638440398905
670,0.3428459034066713
671,2.6304309303945077
672,2.378368424241063
673,-1.753256968981288
674,-3.4032801771988286
675,2.8399746180145637
676,2.4328881681601673
677,1.1929061548557904
678,-6.790925879665517
679,-1.2051949026812543
680,1.286525488391293
681,8.933721758357047
682,-2.6345287598580964
683,-3.0877632528315697
684,-8.594987767501493
685,5.936764576946212
686,4.257891792344729
687,4.87657814397434
688,-7.159625586342317
689,-3.0024873689011304
690,-0.8705584993923379
691,6.326377883309101
692,0.41103488194266224
693,-2.4993457521938263
694,-2.7002179058105162
695,1.6664586328886455
696,2.972617234928955
697,-2.095968435888563
698,-2.977206007347721
699,-1.183104952498733
700,7.309920110285727
701,1.3030229441286616
702,-1.2367535030164296
703,-9.147318749458393
704,2.2508843595842793
705,3.4327951073420166
706,8.764182036178319
707,-4.854516019590584
708,-3.905165129432681
709,-5.3831697472404105
710,6.617135868728281
711,3.1022563362206035
712,1.0218591718712537
713,-5.731012292340931
714,0.18492741478292984
715,1.8650907328537114
716,3.0315491985752376
717,-2.027473851671325
718,-2.873362860663593
719,2.5799283821736863
720,2.5303982192079757
721,1.4335634430512987
722,-7.08261405983313
723,-1.226889376070288
724,1.2083900036612758
725,9.10369008354778
726,-2.0687252687877953
727,-3.3779155359816544
728,-8.724726871065588
729,4.945710718696729
730,3.8716999149040454
731,5.8098777188730155
732,-6.85300138448464
733,-3.041125098325148
734,-1.7128716480586368
735,6.059839104026103
736,0.8176816827924993
737,-2.1992592256521117
738,-2.4308064760300265
739,2.213142409894062
740,3.4037823652064945
741,-1.6726680786709403
742,-2.3941505461670425
743,-1.4357752591520399
744,6.877739835186174
745,1.361506336661646
746,-0.36833129560918587
747,-8.737771733303509
748,2.0690400474273627
749,3.0155941368015693
750,8.888359945740332
751,-5.480348009205559
752,-3.4681889084644806
753,-5.858015088440366
754,6.62358553097046
755,2.6529445920672625
756,1.498860259021148
757,-6.088844931077584
758,-0.7376964501315539
759,2.1283754254953866
760,3.3482173418002144
761,-1.4836527232800212
762,-2.58357601398518
763,1.6737389799421383
764,2.5500279909030565
765,1.718643677772131
766,-5.993810306006696
767,-1.9731508188393256
768,0.8418395310693856
769,8.391955215179228
770,-1.3706006497699328
771,-2.9681985952566485
772,-8.779930292447165
773,4.466793135521345
774,3.6989909930422105
775,6.270789828200333
776,-6.464496082879288
777,-3.1671900394245345
778,-2.327397294715085
779,6.736327587648088
780,1.158452514508098
781,-1.629857773579344
782,-3.8429457026254923
783,1.2340082297330386
784,3.102044261935877
785,-1.2654112291103168
786,-2.7730315978964595
787,-2.2650119062860687
788,5.671708830711013
789,1.516046565599579
790,-0.14665782418313889
791,-8.350993856699946
792,0.737880490836301
793,2.5414111334112413
794,8.999302795995472
795,-4.51393126729717
796,-4.137333194600144
797,-5.757338951552541
798,6.493790281726215
799,3.002358856673591
800,2.3159883425136716
801,-6.6411791996873015
802,-0.7978000001422946
803,1.6337150010050134
804,3.740127263778634
805,-1.899554958661307
806,-3.286580410848634
807,0.8747233169234141
808,2.553030470563629
809,2.348809729102883
810,-5.911610129930035
811,-2.13325471806136
812,-0.018954660117722844
813,8.437654942152175
814,-0.7208831514657554
815,-2.14369870190883
816,-8.429727117986342
817,4.331128488391655
818,3.9377475414795713
819,5.989353808399725
820,-6.450696775601937
821,-3.522816182972773
822,-2.0924747023708257
823,7.245255805559696
824,1.0080548910725464
825,-1.1175957746762477
826,-3.5207355508466467
827,1.3928117186507092
828,2.649439642339714
829,-0.33531093502869214
830,-2.8673239345033017
831,-2.02134100805385
832,5.333646250624463
833,2.131902432233013
834,0.06957231339289272
835,-8.084837592778939
836,0.7911435534486841
837,2.07237704227631
838,8.86684053890236
839,-4.076716236234949
840,-3.9383633268357356
841,-6.954080242472976
842,6.537893684192937
843,3.557697942737403
844,2.3328928052523294
845,-7.055207619552757
846,-1.6023717310189813
847,1.0760674605462817
848,3.905292712658208
849,-1.5169475866957534
850,-2.683755932344244
851,-0.040472344024368834
852,2.2130266250551776
853,2.421420185712708
854,-4.820607017742214
855,-2.1950146549389498
856,-0.08656660445347403
857,8.197596552743924
858,-1.0755995036605637
859,-1.8296938908432707
860,-9.004296849783731
861,3.5745715983890225
862,3.5527166096408536
863,6.79399413549846
864,-6.850328192612652
865,-3.5529595540657457
866,-2.760419017664855
867,7.198319196924533
868,0.9802345844225167
869,-0.984797182335273
870,-4.024693276766708
871,1.0950741222330078
872,2.3752284690087597
873,-0.12017862363053988
874,-2.258477049595731
875,-2.4592215391127854
876,4.765333011608005
877,1.785632605689878
878,0.43746495288979736
879,-7.9528896897372965
880,0.19254216730863016
881,2.4258178104432573
882,8.565603019178647
883,-4.129314873630989
884,-3.4684572001450213
885,-7.149828136967317
886,6.31437974761452
887,3.258718644736068
888,3.029379453202967
889,-7.020686174741587
890,-1.5346531409131234
891,0.41246084583367526
892,5.0792320304193845
893,-1.1967211098350414
894,-3.084324047282297
895,-0.593598394000983
896,2.667534990344981
897,3.0917993488142983
898,-4.5224846864132715
899,-1.7074273458287423
900,-0.2314677135949217
901,8.069784691261805
902,0.13091226939101885
903,-2.373739237418363
904,-8.608420566566302
905,3.2592720817849363
906,3.3201497064834284
907,7.249707959589681
908,-6.018217587813224
909,-3.65342930052485
910,-3.376423802035692
911,7.324108186281239
912,1.6966460212953094
913,-0.8890272537522215
914,-5.0047810134494
915,0.962746961517265
916,2.29748413880045
917,0.2164585331457617
918,-2.718770168617377
919,-2.424724415002872
920,4.811920267142506
921,1.846602935458002
922,1.2391722864888555
923,-7.904297642357815
924,-0.0023267227877912244
925,1.538128796215866
926,9.118920395576618
927,-3.494043648038614
928,-3.280367468046064
929,-7.091538503652301
930,5.832974743059304
931,4.05904413419703
932,3.654374728473707
933,-6.627289287614664
934,-1.7211823256779946
935,0.39507706949214405
936,5.261301717963183
937,-0.9402364116593879
938,-3.0027861521514985
939,-1.117253945963529
940,2.8398779183272636
941,2.6917449498422137
942,-3.9772843079928424
943,-2.402933421619301
944,-0.6946275482969523
945,7.709227292838468
946,-0.21200764641855863
947,-2.1153518466167047
948,-8.940789036206262
949,3.30194128632861
950,3.436071962579599
951,7.89887672088247
952,-6.4577223338943055
953,-3.2510584710325485
954,-4.102083268919508
955,7.356281226976655
956,1.8087117299691986
957,-0.43539824628814405
958,-5.120406243925456
959,0.9073603340058929
960,2.3394479589078783
961,0.9173715856125821
962,-2.7130233179457117
963,-2.7997855561156717
964,3.934728512899807
965,2.0510678175061896
966,1.2042277890574873
967,-7.281152987914841
968,0.05093971305618039
969,1.5569513647305118
970,9.228068345961372
971,-2.585403321074003
972,-3.763434064394226
973,-7.894558130629161
974,6.28891717166894
975,3.8926147273246885
976,4.450650055162798
977,-6.672755151135136
978,-1.9624384088745308
979,0.19561628336430648
980,5.199384036083188
981,-0.692355293070046
982,-2.3779274019709193
983,-1.655019574841475
984,2.3859933961831485
985,2.5484634554375623
986,-3.7268549989391384
987,-2.008755297947018
988,-1.4260748417411278
989,7.898480194400797
990,1.0234756255665212
991,-1.3517336220870875
992,-8.907643755972204
993,3.182255884484733
994,3.7439688552769566
995,8.277438874735212
996,-5.9874767141265846
997,-3.4582594258521953
998,-4.223692960108231
999,6.979820278926497
1000,2.445205465554733
1001,0.18326652797149556
1002,-5.801182174057169
1003,0.6147068649443632
1004,2.3454710439531463
1005,1.584428149403021
1006,-1.738127812952167
1007,-2.791131499224236
1008,3.041833023292283
1009,2.2448528738753324
1010,1.7999133551075506
1011,-7.5646709514472015
1012,-0.9126454411869132
1013,1.117168448130039
1014,9.300221453276134
1015,-2.7347297768224332
1016,-3.769890144937119
1017,-7.609119579933751
1018,5.6545652662231785
1019,4.084295735943485
1020,4.556923999854204
1021,-7.273825516869827
1022,-2.666060746196974
1023,-0.6384608113802321
1024,5.638979086612203
1025,0.03584715921571169
1026,-2.7434123108916806
1027,-1.9007393595950441
1028,1.6661643502301775
1029,3.3953872260991775
1030,-3.3061737115623444
1031,-2.986558549030978
1032,-1.8019225055902544
1033,7.195853813472379
1034,1.145655226833512
1035,-1.1602657793660205
1036,-8.848446174198891
1037,2.317280181775951
1038,3.054704769514368
1039,7.809483985346596
1040,-5.120524946530911
1041,-4.1387247406286445
1042,-4.895308734162113
1043,7.249820032370201
1044,2.329006863482448
1045,0.9923666728086351
1046,-5.521579484347624
1047,-0.10551256174053025
1048,2.4737599980624685
1049,2.7046658130441026
1050,-2.430377268959584
1051,-2.6615524289577803
1052,2.5760252846187046
1053,2.377953745813012
1054,1.496994433791388
1055,-6.4639226840421395
1056,-1.3584991250563005
1057,1.272197070544269
1058,8.577616438714282
1059,-2.16913954160966
1060,-2.8669869890520303
1061,-8.422508593983576
1062,4.942949615245356
1063,3.8046571264423186
1064,4.783413672899869
1065,-6.95834398265638
1066,-2.89109932446548
1067,-1.486853151216319
1068,6.066730225552158
1069,0.16768672735196133
1070,-1.8737491012410898
1071,-2.35682425022288
1072,2.417627310328211
1073,3.130579131254925
1074,-2.400501366488717
1075,-2.543022209408062
1076,-1.571701293654891
1077,6.313115133831472
1078,0.8270397218370076
1079,-1.1371153001037866
1080,-9.051981876441438
1081,1.9699873494380769
1082,2.914281429943788
1083,8.35293430794419
1084,-4.778687016049535
1085,-4.250055228610863
1086,-5.802654322357619
1087,6.759829122217565
1088,2.8909205880710234
1089,1.7463025162025057
1090,-5.902045787096038
1091,-0.27631032127762534
1092,1.8281560678066517
1093,3.251938220457331
1094,-2.0884887115768684
1095,-2.6056467429379326
1096,2.2849216636096745
1097,2.235822199122051
1098,2.157371227785158
1099,-6.465231293505068
1100,-1.5751642835330604
1101,0.8937536567229678
1102,8.62167436371925
1103,-1.6398893906884504
1104,-2.7049294685188023
1105,-8.847199558074129
1106,5.347762345001341
1107,4.024966449583352
1108,5.984064622517369
1109,-7.2156553675388935
1110,-2.7854537544580267
1111,-1.2969683285522051
1112,6.652676076186042
1113,0.35318015091851473
1114,-1.5872055070335889
1115,-3.4782335274489995
1116,1.996676670043187
1117,2.7062433560951433
1118,-1.473857638976063
1119,-3.094100870944558
1120,-1.533716855850809
1121,6.127666790139841
1122,1.8053172871564138
1123,-0.7705427605644803
1124,-9.353155140935206
1125,1.1781206736406817
1126,2.761368010803395
1127,8.939966052412968
1128,-4.974760162210515
1129,-3.4789087819361253
1130,-6.2750452854655805
1131,6.919628678654814
1132,2.8015366306444327
1133,1.8622440798326072
1134,-6.656104423008328
1135,-0.6714977288210074
1136,1.119965361070065
1137,3.1619504696656766
1138,-1.1219241246630698
1139,-2.728945668270054
1140,1.026833576824289
1141,2.7315516327641944
1142,1.9949801369298128
1143,-5.682611006275683
1144,-1.3145416004938273
1145,0.4142342679438903
1146,8.49849341077576
1147,-0.8381350717363993
1148,-2.8194575418472887
1149,-8.843764729915037
1150,4.243339217094873
1151,3.851601317457483
1152,5.962262780559467
1153,-6.688750986946803
1154,-3.565148921211147
1155,-2.330264763476131
1156,6.531916488231345
1157,1.131657069814211
1158,-1.4287389920953608
1159,-4.065774452761861
1160,1.543734595635641
1161,2.8879920151410876
1162,-1.1824366604937762
1163,-2.447814139357871
1164,-2.697771382289965
1165,5.273839069967789
1166,1.785126836881033
1167,-0.2892874322444958
1168,-8.303877630653783
1169,1.309994280357999
1170,2.2046008142395546
1171,9.031965935730167
1172,-4.425470044028001
1173,-3.7272293420280462
1174,-5.865333580451248
1175,6.926074814831236
1176,2.828784063203016
1177,2.783559896501493
1178,-7.2191274922842785
1179,-1.117868457940532
1180,1.7125827818702053
1181,4.010625311618273
1182,-1.1235402803533516
1183,-2.8407410154411323
1184,0.6439352539440057
1185,2.200456903141148
1186,2.695213635372633
1187,-5.914220968439515
1188,-1.4189608054330134
1189,0.16391874729546696
1190,8.087135110863272
1191,-0.8378539859881675
1192,-1.9832840330930526
1193,-9.38989396719655
1194,3.8707469104513983
1195,4.100626210000059
1196,6.577481001782538
1197,-6.493451801583803
1198,-3.2463183743751487
1199,-2.09855024267122
1200,7.048624875864145
1201,1.1355584508962278
1202,-0.8891053251856696
1203,-4.213990811955859
1204,1.5544425821748584
1205,3.1394957300681146
1206,-0.6099559594732721
1207,-2.334060170675307
1208,-2.5569988068125387
1209,5.343347921020671
1210,2.218935797211266
1211,-0.12618977369200107
1212,-8.311568596346794
1213,0.861349893206173
1214,2.7347968521771886
1215,9.07208946579833
1216,-4.360041208990731
1217,-3.459160874562031
1218,-6.59781618834786
1219,6.849889794409334
1220,3.8199157207668426
1221,3.102268986724451
1222,-6.425706728021064
1223,-1.537900136203998
1224,1.127933822060131
1225,4.075043841718838
1226,-1.2630049686677298
1227,-2.8170461823528368
1228,0.4392807957305551
1229,2.278796562184036
1230,2.4463773494269345
1231,-5.117770942995502
1232,-1.6847491840987672
1233,-0.3290166246210715
1234,8.412898038927358
1235,-0.08045188595969277
1236,-2.4090021126493015
1237,-9.35877677624299
1238,3.8895218173397854
1239,3.48308959017153
1240,6.604277855267527
1241,-6.32838368988419
1242,-3.711384392691997
1243,-2.7802307889103877
1244,7.088026533275225
1245,1.394835866777933
1246,-0.5760222660296321
1247,-4.575746673096614
1248,1.3307903099211762
1249,3.0638381947005575
1250,0.26167547264103075
1251,-2.3176482202860362
1252,-2.9249080443464184
1253,4.168930937406683
1254,2.5681748255422496
1255,0.14783912066653537
1256,-8.114305156823125
1257,0.11337357931143643
1258,1.8577332071071724
1259,8.878929311892511
1260,-3.378738255976172
1261,-3.257355734219338
1262,-7.214400357340554
1263,6.61759130146779
1264,3.534920702463217
1265,3.603076444382282
1266,-7.251471887068827
1267,-1.7212737782773577
1268,-0.029405922885786473
1269,5.176409415449697
1270,-0.6329405713187302
1271,-2.5496803486727906
1272,-0.20776907514882637
1273,2.760186660761106
1274,2.501507862970437
1275,-4.149319498318782
1276,-2.4949440726758096
1277,-0.6297390224090317
1278,8.166833526135342
1279,-0.2045584348495073
1280,-1.8808634320400055
1281,-9.364062257426333
1282,3.3888415854560723
1283,4.085596408871705
1284,7.117137105775825
1285,-6.175574938195397
1286,-3.697934167085061
1287,-3.7662298296072843
1288,7.178008760362314
1289,1.4463365281851115
1290,-0.6380897804198262
1291,-5.252139984241463
1292,0.24455856230936202
1293,2.828736689901918
1294,0.9913026416664414
1295,-2.8069449899318903
1296,-2.531129615135358
1297,3.730066266055217
1298,2.4439469058665932
1299,0.5838327830613537
1300,-7.7278505795736
1301,-0.43880394927057753
1302,1.4392501760828482
1303,9.329513158901849
1304,-3.0149935115689597
1305,-3.8033443425427396
1306,-6.993501839172698
1307,5.988499006205183
1308,3.496954730373493
1309,4.262563134873538
1310,-6.9343485654697785
1311,-2.0635840366855067
1312,0.03504608437213552
1313,5.444684738688398
1314,-0.5650063115390156
1315,-2.083421518003218
1316,-1.3320664026985538
1317,2.8270656660019173
1318,2.7567307827699494
1319,-4.105749957151175
1320,-1.9734268181539991
1321,-1.3654015338723138
1322,7.558013414910398
1323,0.5782291406115276
1324,-1.371623219070941
1325,-9.459207287785702
1326,3.371215429450712
1327,3.111022729018189
1328,7.7372323578366675
1329,-5.624792692847692
1330,-3.8569471937556723
1331,-4.47375333585902
1332,7.5620135499804135
1333,1.8906359722103314
1334,-0.02866104384952617
1335,-5.618127872080723
1336,0.5069273296670744
1337,2.582890626262578
1338,1.6539424341925826
1339,-2.6678063882515994
1340,-2.4427658073534286
1341,3.9288160786243784
1342,2.5478631291439005
1343,0.9446479841695354
1344,-7.575980638643289
1345,-0.2458705738532332
1346,1.3969484963821546
1347,9.101293563157414
1348,-2.3092275197692924
1349,-3.6378357650592976
1350,-7.748213961397182
1351,5.811742949695333
1352,3.4610857142064706
1353,4.699116955443113
1354,-7.523404958425831
1355,-1.966075582317739
1356,-0.6748219533185889
1357,5.186617899752371
1358,0.1338678772856201
1359,-2.7267445191156674
1360,-2.02553417085758
1361,2.6938042342943715
1362,2.7016633127844547
1363,-2.9756720950358306
1364,-2.0346573124228957
1365,-0.9763516213561381
1366,7.172081507616085
1367,1.1611860767674287
1368,-1.208376306619353
1369,-8.786135437497192
1370,2.0748052823138194
1371,3.4683659745819657
1372,7.492281118738881
1373,-5.53142002749399
1374,-3.604067381404197
1375,-4.440850693222028
1376,7.4077309764218695
1377,2.5388565454792418
1378,1.13122423319677
1379,-6.0063300108938416
1380,0.07231192455111024
1381,2.0679984193481946
1382,1.9604741485158423
1383,-1.9439706974661204
1384,-3.3648293859382887
1385,2.9851615528972486
1386,2.994713229107087
1387,1.4054123683802628
1388,-6.877765408028354
1389,-1.0646210837710706
1390,1.0436829784244182
1391,9.230582605835869
1392,-1.8854411485979796
1393,-3.462862209096585
1394,-7.721482028893552
1395,5.245237473372239
1396,4.199002912600855
1397,4.705311004292367
1398,-7.389615689377793
1399,-2.320256153173419
1400,-1.179010203893692
1401,5.7248527943332554
1402,0.17513825350468049
1403,-1.6901599466419786
1404,-2.5748852909993296
1405,2.085175078366503
1406,3.2020798048736316
1407,-2.7839498434314893
1408,-2.7466571294455426
1409,-1.4604125732084707
1410,7.265169852155285
1411,1.0094491028957537
1412,-0.599889212738649
1413,-9.210348577128892
1414,2.5235351924150646
1415,3.444593353253123
1416,8.371555704698732
1417,-5.580092602012402
1418,-3.752274324369072
1419,-4.798963747381352
1420,6.8538258796198885
1421,2.6718585490077187
1422,1.5761575621509918
1423,-6.34947979191809
1424,0.052715457674367805
1425,1.9714157536865282
1426,3.108799668443732
1427,-1.4559729607499028
1428,-3.381419011141525
1429,1.7884391951383654
1430,2.366792004069755
1431,1.3716987968779204
1432,-6.506091130833913
1433,-1.1281579170720195
1434,0.5532768335584035
1435,9.466932685515124
1436,-2.3211846182111575
1437,-3.1549472455042946
1438,-8.131284040110543
1439,5.557562478084608
1440,3.9843159696499812
1441,4.943516837193831
1442,-6.666839925572454
1443,-2.615065800548146
1444,-1.8294888329837127
1445,5.908350031819319
1446,0.05279922946348181
1447,-1.3594282088103133
1448,-2.9769299287596906
1449,2.152285636515283
1450,2.7416192380565967
1451,-1.7480133447039194
1452,-2.5395469582391703
1453,-1.8087414077557256
1454,6.608556439839145
1455,0.94485725256509
1456,-0.14751915070572286
1457,-8.904841311362807
1458,2.0231542810105196
1459,2.8932112080419117
1460,8.540365168700335
1461,-5.083631957669703
1462,-4.099651825859376
1463,-6.007706176323693
1464,7.023798705222818
1465,2.502993339814722
1466,1.9985257362666609
1467,-6.4754151225022065
1468,-0.5087815424201884
1469,1.7863073532580263
1470,2.7686694695546583
1471,-1.5414907009369387
1472,-2.7623218149723705
1473,1.1619485785112929
1474,3.105242748517343
1475,2.441247665000843
1476,-6.231292994731743
1477,-1.855403117938012
1478,0.17496677967215535
1479,8.718644622356807
1480,-1.8242994197662292
1481,-2.4798276334389198
1482,-9.011207349048751
1483,4.523503837503025
1484,3.5404292721603703
1485,6.232571103167896
1486,-6.962550896581054
1487,-3.214904977106225
1488,-1.919247569536271
1489,6.164744395309111
1490,0.9225534206258859
1491,-1.5982041927092845
1492,-3.7286985562901234
1493,1.6967849915273598
1494,3.2472384469562114
1495,-1.1775370772547522
1496,-2.6159989485253448
1497,-2.2257867591300906
1498,5.828339292623383
1499,1.7544961532874819
1500,-0.556437343771136
1501,-9.100500483942248
1502,1.485753056811229
1503,2.3091855059336948
1504,8.691280814414366
1505,-4.66086077828152
1506,-4.39268725880336
1507,-5.989295988303013
1508,6.593737992239225
1509,3.1132755051504732
1510,2.40504727993122
1511,-6.741551451690998
1512,-1.1055788104448474
1513,1.7412676633225015
1514,4.157370711403579
1515,-1.4853612516595702
1516,-3.3185491409553016
1517,1.2239734535798985
1518,2.973127214355615
1519,2.216086274570091
1520,-5.75527383408434
1521,-1.7894206398808548
1522,0.3228118427242095
1523,8.89829131032702
1524,-0.7765304866007893
1525,-2.6393704162820635
1526,-8.381822015334762
1527,4.629093846797568
1528,3.4659542306428186
1529,6.455667227691293
1530,-7.012667692626091
1531,-3.539413882919619
1532,-2.028860107156203
1533,6.330309786670432
1534,1.4541523072457898
1535,-1.340741957540874
1536,-3.967112131277208
1537,1.7406078611938414
1538,3.372243050638683
1539,-0.9268503816791087
1540,-2.4430590422293084
1541,-2.2066880392785317
1542,5.074496901106989
1543,1.8107051622492172
1544,-0.16863138326319604
1545,-8.452294585680093
1546,1.2810494776441606
1547,2.4737829276949785
1548,9.323222787905499
1549,-4.6816665850016905
1550,-4.016698679974758
1551,-6.019266077736061
1552,6.259355205593929
1553,3.2459086292497688
1554,2.3991840044451065
1555,-7.102218386042512
1556,-0.8850815687671909
1557,1.0524912361629435
1558,4.524545211534296
1559,-1.2810627018393421
1560,-2.7368393239015205
1561,0.2516440179078515
1562,2.2893377303890468
1563,2.508746838836693
1564,-5.5610669293294
1565,-2.20001562946168
1566,-0.1864191129823033
1567,8.855865473850551
1568,-0.45386064475975485
1569,-1.9972913758304438
1570,-8.835161253993501
1571,3.610729200681029
1572,3.6986863154867446
1573,6.458847840364219
1574,-6.596321641628436
1575,-3.31712350298122
1576,-3.1162562362509947
1577,6.672585386152352
1578,1.259668381888032
1579,-1.2184935998253241
1580,-4.880133374348068
1581,0.9822521326111842
1582,2.7953122731896336
1583,0.13813033341860026
1584,-2.7310905842341806
1585,-2.6732087339995387
1586,4.708119372190261
1587,2.4295668771956973
1588,0.8707550233919839
1589,-8.53233429075461
1590,0.8850721681458333
1591,1.9473637328585207
1592,8.97239057476377
1593,-3.5569021883340164
1594,-3.882743546626035
1595,-6.851855668728829
1596,6.576212182082113
1597,3.3340410391674706
1598,3.0372639446365994
1599,-7.1741374965406965
1600,-1.259420529358282
1601,0.9234544636088078
1602,4.343716976691109
1603,-0.6865506427828524
1604,-3.0303380231129777
1605,-0.7457613709837874
1606,2.5750042355770613
1607,2.848538867241734
1608,-4.925402933893944
1609,-2.0257615028649405
1610,-0.2936059359516431
1611,7.722091450921525
1612,0.2485871786956515
1613,-2.105543507952871
1614,-8.978216630575432
1615,3.6625730457684798
1616,3.514053698659648
1617,6.844347208138848
1618,-6.80534357151718
1619,-3.67536174583195
1620,-3.6562103599432074
1621,6.6358124040030875
1622,1.611275215603472
1623,-0.5901592773577005
1624,-4.509524205843694
1625,1.272842496958472
1626,2.246377215851061
1627,0.9064782151118314
1628,-2.3509897071443757
1629,-3.1807835991467153
1630,4.202294206968197
1631,2.5059355688984803
1632,0.5507713435963524
1633,-7.6765027884114065
1634,-0.3257934355873472
1635,2.3599786065892587
1636,9.309711950790897
1637,-2.910156533537136
1638,-3.761997441045274
1639,-7.288343057753976
1640,5.885640451065147
1641,3.4549823235991113
1642,3.440231666759229
1643,-6.684407557302071
1644,-1.9611978192329458
1645,0.7218260112129897
1646,5.095548745743841
1647,-0.9963649438666343
1648,-2.5775743407676153
1649,-1.1086769032894976
1650,2.0971831311643077
1651,2.5835405658795163
1652,-4.477382474797665
1653,-2.220699217597673
1654,-0.7290994734522087
1655,7.904584792980925
1656,0.16267877079239235
1657,-1.777037776868477
1658,-9.280822815206509
1659,3.4963310710035747
1660,3.4403212506345175
1661,7.497430058244356
1662,-6.5008242186375504
1663,-3.898889349913686
1664,-3.8306534440526194
1665,6.917728076351045
1666,1.6017683683063857
1667,-0.0821542704054683
1668,-5.05073249640995
1669,0.2767872371342418
1670,2.3644689404610038
1671,1.095193443067593
1672,-2.5528713159158856
1673,-3.2663279869567456
1674,4.1869951383308175
1675,2.1191672038044573
1676,0.7406055197660415
1677,-7.32883045458761
1678,-0.6499729257280118
1679,1.2166149045931696
1680,9.498136273999917
1681,-2.827004080693817
1682,-3.7026998272308504
1683,-7.745919687795087
1684,5.896842338754893
1685,3.335818725602504
1686,4.530564995018935
1687,-7.15166785958879
1688,-1.7387087509185692
1689,-0.1581729391688248
1690,5.929311039947704
1691,0.04561664646594843
1692,-2.9641440821793594
1693,-1.520554063006554
1694,1.9841622929222424
1695,2.404832447663303
1696,-3.3979280468474693
1697,-2.158579631213303
1698,-0.8298122984630608
1699,7.8945308563760115
1700,0.8481956088342759
1701,-1.3455197164129498
1702,-9.34117591345012
1703,2.417248498538041
1704,3.755892232645385
1705,8.143042867456526
1706,-5.555094310725564
1707,-3.3440507382635016
1708,-3.9935983977109357
1709,7.266764599194569
1710,2.677745751283938
1711,0.8685409184646025
1712,-5.677026145964131
1713,0.24722157282167345
1714,2.5010655133639554
1715,1.3747231885996154
1716,-2.5825311789450804
1717,-2.478460969960902
1718,2.94176388812721
1719,2.4827105904637845
1720,1.2350118001709136
1721,-7.063808609461045
1722,-1.0143125569448488
1723,1.2269020308541516
1724,9.486466427052187
1725,-2.7775866585112183
1726,-3.5735833795201595
1727,-8.428613021691888
1728,5.890498763055673
1729,4.304114429270503
1730,4.977120101148827
1731,-6.964571520174127
1732,-2.4420670818102295
1733,-1.0517465205738112
1734,6.310870305917857
1735,-0.10559684656026846
1736,-2.2698669799498186
1737,-1.7939565651462406
1738,1.9769127177311563
1739,2.686577535624026
1740,-2.8232930235219094
1741,-2.405901441880166
1742,-1.8477870934361111
1743,6.930650999179896
1744,0.5250991725535654
1745,-0.79045915787155
1746,-9.24869166126741
1747,1.9600934155936591
1748,3.133597585014431
1749,8.490853735687365
1750,-5.5551168518856935
1751,-3.633144858794371
1752,-5.1936843616836015
1753,7.011005209801485
1754,3.009522557504283
1755,1.0031918034266458
1756,-5.86331832687505
1757,0.032360273735430156
1758,1.978858367398447
1759,2.402931466958112
1760,-1.9258991396024605
1761,-3.4748099175461626
1762,2.429315616548165
1763,3.0727461835104806
1764,1.6578121138232027
1765,-7.137844664181922
1766,-0.8819729136314206
1767,0.47232309993996036
1768,8.842274845587195
1769,-2.205532671166535
1770,-3.5047295328037933
1771,-8.381979506154966
1772,5.728568663839144
1773,3.7430375962569933
1774,5.566714944035481
1775,-7.069193786784257
1776,-2.6780610595130843
1777,-1.4482749161371768
1778,6.103903026051663
1779,0.7769978933580435
1780,-2.1665026542190438
1781,-2.5849053141856997
1782,2.41853755634804
1783,3.460892178446329
1784,-1.9041187370948
1785,-2.994291310650447
1786,-1.864635365274832
1787,7.090166540251963
1788,1.072573550872707
1789,-0.3409025483016138
1790,-9.33401087755964
1791,2.238381157109433
1792,2.6655569241781776
1793,8.319113477490543
1794,-5.530535331697266
1795,-4.2589054799247705
1796,-4.929264956077974
1797,6.868370318547964
1798,2.385986476368371
1799,1.2054397595658481
1800,-6.604434378322356
1801,-0.29430219326621015
1802,2.100362275278452
1803,2.797683236924927
1804,-1.33629628540013
1805,-2.668264820296193
1806,1.8918459816445772
1807,3.0636895773736668
1808,1.4039039994887934
1809,-6.509229666085294
1810,-1.1783957655524118
1811,1.0400946314157835
1812,8.60664237237673
1813,-1.5410210907225603
1814,-2.864162990871092
1815,-8.704605685063202
1816,5.360515913582976
1817,3.43377046135997
1818,5.999183227471544
1819,-6.941317123075006
1820,-3.176957911176446
1821,-1.553736183151936
1822,6.579459549601854
1823,0.24477909232366546
1824,-1.5412706992804948
1825,-3.3110869393706883
1826,1.571809747005307
1827,2.9105023197328
1828,-1.7209016621841366
1829,-3.121429353615856
1830,-2.2074980534656294
1831,5.751456708450585
1832,1.6592407748745774
1833,-0.08575945932290385
1834,-9.152663084916401
1835,1.3354505454567285
1836,2.594165996660333
1837,8.496510799507952
1838,-5.122331316522033
1839,-3.4428073463973523
1840,-5.420280348600841
1841,7.313360454006562
1842,3.5011609205335876
1843,1.7738317858449784
1844,-6.518881328353994
1845,-0.7315576228892852
1846,1.7162754243032383
1847,3.0180030344702544
1848,-1.1857448146396543
1849,-3.1048599890392765
1850,0.8775416441329336
1851,2.600459166240785
1852,2.3452312561968185
1853,-5.631900157409664
1854,-1.2341693796865552
1855,0.007867489317964216
1856,8.568484129463895
1857,-0.8274812429250185
1858,-2.632740364072247
1859,-9.081030594283458
1860,4.986867089601628
1861,3.9019934657538036
1862,5.7961918952747435
1863,-6.575438760376649
1864,-2.668852909290188
1865,-2.2487488053270845
1866,7.115841823497657
1867,1.0076952017238474
1868,-1.8193931711476743
1869,-3.469085992234378
1870,1.5805074321749468
1871,3.012749717096604
1872,-0.545479571671838
1873,-2.8197231891016767
1874,-2.253548190713984
1875,6.004728772485374
1876,1.9348875340575216
1877,-0.549012087129745
1878,-8.21484636273373
1879,0.6026242928009573
1880,2.9074582512027107
1881,8.650594919625817
1882,-4.169872064303549
1883,-3.5421986686869014
1884,-5.925966924468099
1885,6.430859571761872
1886,2.9658964184353698
1887,2.5316397022014674
1888,-6.5331784437289855
1889,-0.6994890633576396
1890,0.7811437116471676
1891,3.9250505594575955
1892,-1.5955735294308924
1893,-2.6323487913964545
1894,0.40941151450412094
1895,3.0395052789802337
1896,1.990910581762754
1897,-5.074875447958563
1898,-1.6904995719528766
1899,0.018663650098893814
1900,8.235835503853556
1901,-1.120055766937217
1902,-2.585580731867304
1903,-8.985583600054204
1904,3.9941506686225123
1905,3.6623935323960746
1906,6.958646612620547
1907,-6.847797349641401
1908,-2.9031837188985548
1909,-2.4573857762001983
1910,6.562338923162142
1911,0.7622839032918152
1912,-1.5333997732005218
1913,-4.466245216480109
1914,0.9530176861720359
1915,2.50305271830382
1916,-0.23268359813712314
1917,-2.473658873049094
1918,-2.051610785168586
1919,5.270551498682163
1920,2.187692660981367
1921,0.16701014136831838
1922,-8.506564468816357
1923,0.5353481547479833
1924,2.507027081776645
1925,9.307581052747732
1926,-3.630240325507382
1927,-4.1974931399388105
1928,-7.160231128065904
1929,6.223035996423237
1930,3.573310807603418
1931,3.0247446319363966
1932,-6.426510360063652
1933,-1.5269467600698126
1934,0.9931387852325835
1935,4.348446748172014
1936,-1.145274888519956
1937,-3.0023494134448767
1938,-0.14555297719693294
1939,2.769888396144708
1940,2.44971131012434
1941,-5.392358348854768
1942,-2.0589756144354148
1943,-0.41466357179307134
1944,8.063490195746024
1945,-0.13790515131880254
1946,-2.6352713594407087
1947,-9.20180217325185
1948,4.208761356213744
1949,3.980388998816408
1950,6.695780414878327
1951,-6.750890099325147
1952,-3.774122999463148
1953,-2.7947988490469964
1954,7.27017160054009
1955,1.6725172243645092
1956,-0.4282334939874286
1957,-5.129157154752201
1958,1.3398963698302357
1959,2.8680094871613933
1960,-0.1973360343825774
1961,-2.833975624239773
1962,-3.0086598120736747
1963,5.141111736648116
1964,2.1404150275243503
1965,0.7392867164305841
1966,-8.447132441112736
1967,0.10841067758608913
1968,1.6576626764888713
1969,9.213727864429096
1970,-3.873884778482008
1971,-3.9681832005987596
1972,-6.619409166233586
1973,6.312136668045226
1974,3.662046683839635
1975,3.2253304059419885
1976,-6.555178322570447
1977,-2.0248228619197337
1978,0.4313620513148584
1979,4.456851093031938
1980,-0.32147470788640464
1981,-2.4576320341356412
1982,-0.8135022628448688
1983,2.466552532669266
1984,2.8627317464747115
1985,-4.820902189330972
1986,-2.3264288588214814
1987,-0.47597021575970444
1988,7.823090019872639
1989,-0.10755077997072715
1990,-1.4047325180076993
1991,-8.871648765352331
1992,3.6606547025619296
1993,3.89752852745994
1994,7.2465819311177775
1995,-5.7944774908541925
1996,-3.367582962303751
1997,-3.1507961636355084
1998,7.229522677073894
1999,2.1816156458105147
