Date,averagePm10,averageAirTemp,averageRelativeHumidity,averageWindSpeed,rainAccumulation
2020/01/01,67.252675469076,0.80027777777778,54.904375,0.93715277777778,0
2020/01/02,111.94704656011,1.0256944444444,59.187083333333,1.155,0
2020/01/03,11.14788047255,4.3385416666667,64.877222222222,3.8163194444444,0.49
2020/01/04,13.404100069493,1.08875,61.849027777778,2.6404166666667,0.3
2020/01/05,56.568033356498,-0.24090277777778,63.415902777778,1.0836805555556,0
2020/01/06,62.2340514246,-0.35277777777777,61.024444444444,1.3439583333333,0
2020/01/07,50.076997915219,3.0621527777778,63.590625,1.8226388888889,0.85
2020/01/08,43.253717859625,4.9358333333334,79.826388888889,1.1529861111111,4.2
2020/01/09,62.628492008339,4.9513888888889,65.974305555556,1.5722916666667,0.01
2020/01/10,25.535902777778,4.7095833333333,72.070555555556,2.4463194444444,0.12
2020/01/11,26.596875,3.7478472222222,64.261805555556,1.73,0
2020/01/12,37.126268241835,3.955625,62.868055555556,1.4209722222222,0
2020/01/13,103.110625,-0.31416666666667,78.679236111111,0.77895833333333,0.01
2020/01/14,86.462152777778,0.96388888888887,68.519513888889,0.67152777777778,0
2020/01/15,97.761779013204,1.0214583333333,73.40625,0.84652777777778,0.05
2020/01/16,86.812925642807,-0.32402777777778,80.766944444445,1.1010416666667,0
2020/01/17,78.391660875608,0.60201388888889,76.800347222222,1.1820833333333,0
2020/01/18,54.553161917999,2.6765972222222,76.185625,1.0586805555556,0.02
2020/01/19,32.754097222222,2.6345833333333,66.792083333333,1.6358333333333,0
2020/01/20,33.077136900625,1.7885416666667,62.304236111111,2.9668055555556,0
2020/01/21,37.759791666667,0.289375,70.055486111111,3.1126388888889,0.03
2020/01/22,35.341973592773,1.1723611111111,68.988055555555,1.6885416666667,0
2020/01/23,85.335232800556,-0.68541666666667,65.940208333333,1.6288194444444,0
2020/01/24,54.491660875608,-0.79555555555556,67.355416666667,1.7255555555556,0
2020/01/25,69.972430555556,-0.80722222222222,69.484444444444,1.1461805555556,0
2020/01/26,95.1025,0.25020833333333,69.729791666667,0.94590277777778,0
2020/01/27,90.911257817929,2.4779861111111,69.204652777778,1.0578472222222,0.18
2020/01/28,9.6163307852675,3.5338888888889,57.046041666666,4.2400694444444,0.03
2020/01/29,11.713759555247,3.6743055555556,65.157916666667,3.8148611111111,0.6
2020/01/30,14.697916666667,7.478125,67.075416666667,2.89125,1.07
2020/01/31,9.3908269631689,11.366597222222,58.682222222222,3.1645138888889,0.16
2020/02/01,5.2383599722029,8.1841666666668,65.34875,3.7313194444444,2.55
2020/02/02,13.080681028492,6.1331944444444,76.120486111111,2.241875,2.39
2020/02/03,8.0281445448228,4.5377083333334,74.752222222222,2.118125,14.7
2020/02/04,8.5102849200834,1.67875,58.810694444444,3.056875,0.02
2020/02/05,36.768102849201,0.31819444444444,70.731180555556,2.6293055555556,0.04
2020/02/06,18.889444444444,1.7863888888889,63.316736111111,1.6482638888889,0.07
2020/02/07,50.456011118833,0.43513888888889,55.750972222222,0.88791666666667,0
2020/02/08,89.508408617095,2.2188194444445,60.811944444445,0.84958333333334,0
2020/02/09,12.080472550382,7.2453472222222,53.100833333333,4.0593055555555,2.08
2020/02/10,4.2536805555556,4.6096527777778,55.690763888889,4.4716666666667,3.44
2020/02/11,4.9081944444444,3.3573611111111,56.380486111111,5.1321527777778,0.06
2020/02/12,12.290618485059,3.9873611111111,47.925069444444,2.915625,0.03
2020/02/13,19.993472222222,5.0741666666667,63.63625,1.9034722222222,0.08
2020/02/14,31.63625,4.685625,58.968402777778,1.2274305555556,0
2020/02/15,51.22,6.0313194444444,52.180069444444,0.97611111111111,0
2020/02/16,29.558680555556,10.013055555556,47.078125,1.1929861111111,0.02
2020/02/17,14.153439888812,7.9865972222222,59.417291666667,3.1621527777778,2.06
2020/02/18,11.654482279361,5.6074305555556,56.740069444444,2.389375,0.39
2020/02/19,24.924669909659,3.4184027777778,68.659930555555,1.853125,0.04
2020/02/23,9.9097222222222,4.8242361111111,59.400972222222,3.5510416666667,0.38
2020/02/26,18.232175121612,2.5973611111111,66.937361111111,2.1371527777778,0.07
2020/02/27,32.831341209173,2.1404861111111,67.909444444444,2.0177777777778,0
2020/02/28,16.318971507992,4.6533333333333,52.985138888889,1.50625,0
2020/02/29,14.951146629604,7.3509722222222,56.973472222222,1.3263194444444,0.09
2020/03/01,22.726597222222,6.3192361111112,66.215833333333,1.6761805555556,1.25
2020/03/02,20.01220362622,8.02125,63.242430555555,1.6659027777778,1.26
2020/03/03,21.495435092725,4.9129861111111,62.719513888889,1.8329166666667,0.01
2020/03/04,55.894371091035,4.3883333333333,54.339305555556,1.0396527777778,0
2020/03/05,28.899166087561,5.265625,58.742222222222,1.0584722222222,0.37
2020/03/06,17.979291174427,5.9046527777778,62.275694444444,2.1106944444444,0
2020/03/07,34.190416666667,4.2975,65.269652777778,1.635625,0
2020/03/08,67.508035714286,0.96636904761905,67.707291666667,0.57306547619048,0
2020/03/10,9.1835180055402,9.3834722222221,62.760416666667,3.3882638888889,0.65
2020/03/11,12.593537178596,11.758263888889,57.733819444444,3.4770833333333,1.16
2020/03/12,7.1960416666667,7.7793055555555,54.052430555556,2.6738194444445,0.04
2020/03/13,10.612161223072,4.1775694444444,40.829375,2.8974305555556,0
2020/03/14,20.078263888889,2.68625,35.171944444444,1.5574305555556,0
2020/03/15,29.55830437804,6.0861805555556,35.384027777778,1.7215972222222,0
2020/03/16,42.966296038916,9.3561111111111,42.774027777778,1.3447916666667,0
2020/03/17,68.197986111111,11.490138888889,51.119583333333,1.3723611111111,0.01
2020/03/18,65.828472222222,11.981111111111,52.043472222222,1.4178472222222,0
2020/03/19,33.652953439889,11.780138888889,56.542013888889,1.4475,0
2020/03/20,9.5633078526755,3.9028472222222,63.382361111111,2.9572916666667,2.61
2020/03/21,8.4774148714385,-0.19083333333333,45.961180555556,2.7257638888889,0
2020/03/22,13.993125,0.13048611111111,38.67375,3.5178472222222,0
2020/03/23,13.800277970813,0.62631944444445,36.216111111111,3.0204166666667,0
2020/03/24,16.25128561501,2.2763888888889,31.439444444445,3.2152777777778,0
2020/03/25,24.369097222222,6.1488888888889,37.481319444444,2.2905555555556,0
2020/03/26,30.922932592078,9.644375,37.512777777778,2.0743055555556,0
2020/03/27,51.374444444444,9.6161805555556,39.604722222222,1.0779861111111,0
2020/03/28,76.762826086956,7.0334782608695,54.016594202899,2.6708695652174,0.01
2020/03/29,8.3918693537179,0.68541666666667,49.027569444444,2.4679861111111,0.01
2020/03/30,46.676441973593,0.84673611111111,51.371875,1.49125,0
2020/03/31,52.786448922863,2.26375,50.106041666667,1.7429861111111,0
2020/04/01,49.710763888889,5.3884722222222,36.28125,1.8,0
2020/04/02,30.453125,7.0786111111111,36.945347222222,2.0843055555556,0
2020/04/03,32.383402777778,7.6494444444444,38.182430555556,1.4854861111111,0
2020/04/04,30.731827658096,8.2175,36.563958333333,1.7567361111111,0
2020/04/05,23.801528839472,11.837222222222,29.306527777778,1.3619444444444,0
2020/04/06,34.721875,12.290625,31.899652777778,1.2252777777778,0
2020/04/07,36.962986111111,12.967569444444,27.660208333333,0.89256944444444,0
2020/04/08,37.492152777778,14.007430555556,30.756736111111,1.9270138888889,0
2020/04/09,10.71403752606,11.879166666667,39.674861111111,1.5707638888889,0
2020/04/10,27.061458333333,10.226527777778,37.306736111111,1.1666666666667,0
2020/04/11,15.986944444444,13.054166666667,33.263402777778,1.2797222222222,0
2020/04/12,18.835208333333,11.549305555556,51.031111111111,2.4641666666667,0.57
2020/04/13,5.841000694927,5.2226388888889,39.618055555556,2.5672222222222,0
2020/04/14,14.950138888889,7.7476388888889,39.159722222222,3.241875,0
2020/04/15,14.806944444444,13.962847222222,34.440277777778,2.8598611111111,0
2020/04/16,17.194788047255,12.305069444444,39.848958333333,1.4917361111111,0
2020/04/17,9.4225851285615,11.101666666667,28.256527777778,1.5377083333333,0
2020/04/18,7.3181375955525,9.3700694444445,27.880694444444,2.0686111111111,0
2020/04/19,9.4176511466296,8.2060416666667,35.826319444444,1.7340972222222,0
2020/04/20,16.818624044475,8.9496527777778,35.815,2.1635416666667,0.01
2020/04/21,15.236761640028,10.164652777778,36.840902777778,1.751875,0
2020/04/22,19.219388464211,12.556180555556,38.651527777778,0.90618055555556,0
2020/04/23,24.243263888889,14.194710860367,38.314880112835,1.8824400564175,0
2020/04/24,15.4175,11.714295977011,44.895186781609,2.8688936781609,2
2020/04/25,9.7759027777778,10.531896551724,41.405387931035,1.3738505747126,0
2020/04/26,20.733773453787,12.296192528736,41.826221264368,1.1654454022989,0
2020/04/27,18.087083333333,15.800933908046,42.558764367816,1.1630747126437,0
2020/04/28,20.528561501042,15.586853448276,56.71724137931,1.705316091954,0.98
2020/04/29,27.128422515636,14.596549295775,60.895422535211,1.7166197183099,0
2020/04/30,19.652569444444,12.177152777778,69.067361111111,1.3924305555556,0.99
2020/05/01,13.782904794997,11.434513888889,62.049027777778,1.6976388888889,0.08
2020/05/02,13.839236111111,9.1804166666667,64.147083333333,2.1158333333333,0.41
2020/05/03,23.25892981237,11.063263888889,55.476041666667,1.1982638888889,0
2020/05/04,14.456428075052,8.9459722222223,57.999791666667,2.1171527777778,3.24
2020/05/05,20.068958333333,6.7875,72.581875,2.5620833333333,2.24
2020/05/06,13.199305555556,9.9186805555556,53.508194444445,2.3754861111111,0
2020/05/07,25.552222222222,12.665208333333,50.8425,1.561875,0
2020/05/08,18.968611111111,15.861805555556,44.665416666667,1.0004166666667,0
2020/05/09,17.965845070423,19.745045678145,39.553127196065,1.3569922698524,0
2020/05/10,10.661153578874,20.026458333333,44.756805555556,1.7145833333333,0.31
2020/05/11,5.1366921473245,6.26375,52.057638888889,2.4567361111111,0.02
2020/05/12,13.810145934677,8.2357638888889,52.122083333333,1.2515277777778,0.62
2020/05/13,9.7271021542738,8.2481944444444,72.052222222222,1.6550694444444,6.15
2020/05/14,25.170048644892,7.2058333333334,72.033958333333,1.0885416666667,1.49
2020/05/15,23.517720639333,11.035347222222,54.687013888889,1.814375,0
2020/05/16,23.535347222222,12.777777777778,53.225208333333,1.7061805555556,0.02
2020/05/17,16.466643502432,15.244166666667,49.145833333333,1.8714583333333,0
2020/05/18,16.583263888889,17.573958333333,49.501666666667,2.1474305555556,0
2020/05/19,4.1820708825573,14.418194444444,43.370486111111,2.2720833333333,0
2020/05/20,4.5060458651842,11.848680555556,36.847847222222,2.2354166666667,0
2020/05/21,6.7100694444444,11.458402777778,37.535555555556,1.6526388888889,0
2020/05/22,10.999444058374,13.903263888889,39.973194444444,1.12625,1.69
2020/05/23,5.7468380820014,12.674375,63.878888888889,2.60875,5.41
2020/05/24,6.9127171646977,10.630833333333,72.746875,1.5628472222222,4.27
2020/05/25,6.5534722222222,11.875486111111,70.527430555556,1.63125,13.53
2020/05/26,11.654930555556,13.608333333333,67.26125,1.4644444444444,2.14
2020/05/27,14.598402777778,14.54625,60.435972222222,1.8874305555556,0.23
2020/05/28,5.6868055555556,13.756805555556,53.584097222222,2.3555555555556,0
2020/05/29,6.7897845726199,10.770833333333,63.745972222222,2.0084722222222,3.02
2020/05/30,6.0936761640028,10.913888888889,79.217569444445,1.7604861111111,11.74
2020/05/31,10.756845031272,14.921666666667,53.528194444444,2.5197222222222,0
2020/06/01,5.9628214037526,14.007777777778,51.530763888889,1.8109722222222,1.04
2020/06/02,9.6687977762335,14.088402777778,53.135138888889,1.4508333333333,0
2020/06/03,12.041543513957,16.617111111111,54.149259259259,1.3494814814815,0.16
2020/06/04,4.9299773755656,17.278333333333,64.509930555556,1.5854166666667,6.11
2020/06/05,3.6064583333333,19.513680555556,51.839097222222,1.6595833333333,0
2020/06/06,9.8863099374566,19.905833333333,60.266875,1.3688888888889,0.4
2020/06/07,13.183391243919,15.573055555556,73.621805555555,1.6490972222222,0
2020/06/08,12.646282140375,15.047361111111,69.015,1.585625,0
2020/06/09,18.003544127867,16.974583333333,70.974444444444,1.3459722222222,0.38
2020/06/10,17.436970118138,18.682013888889,71.347013888889,1.1134722222222,3.33
2020/06/11,15.525555555556,21.116875,68.762847222222,1.1986805555556,0.01
2020/06/12,14.750243224461,24.703333333333,57.334861111111,1.8547222222222,0.67
2020/06/13,7.7277275886032,18.734166666667,69.115138888889,2.3227083333333,0.01
2020/06/14,7.1018055555555,18.317222222222,57.582152777778,1.5077083333333,0
2020/06/15,10.242847222222,17.214027777778,68.667291666667,1.0547222222222,0.01
2020/06/16,15.619722222222,18.822152777778,74.279722222222,1.1095138888889,9.16
2020/06/17,19.120972222222,19.673263888889,71.299930555556,1.0986805555556,0.02
2020/06/18,16.347533009034,18.69625,75.090625,1.6735416666667,1.26
2020/06/19,9.1039583333333,17.988472222222,76.808888888889,2.1872222222222,0.87
2020/06/20,9.8755555555556,17.784861111111,80.054305555556,1.869375,17.3
2020/06/21,10.39875,18.343333333333,77.465833333333,2.1303472222222,0.27
2020/06/22,5.7497567755386,19.103541666667,52.197708333333,2.7855555555556,0
2020/06/23,12.50701876303,16.292430555556,67.836388888889,1.7961111111111,0
2020/06/24,14.080125086866,19.736875,65.737222222222,1.9090972222222,0
2020/06/25,12.943641417651,21.395625,65.017222222222,1.6571527777778,1.01
2020/06/27,10.478109798471,24.170069444444,57.651666666667,1.7608333333333,2.15
2020/06/28,11.950156739812,19.972525732383,71.860411718131,1.3547901821061,6.37
2020/06/29,5.5200338123415,20.899831223629,53.08253164557,2.2677637130802,0
2020/06/30,6.4333910034602,23.311532385466,51.069510268562,1.6078988941548,0
2020/07/01,7.4126476719944,21.771180555556,64.895347222222,1.481875,2.71
2020/07/02,11.832986111111,18.921111111111,75.538680555556,1.7299305555556,8.11
2020/07/03,10.839263377345,20.922430555556,56.654375,1.0722222222222,0
2020/07/04,11.259375,22.518333333333,52.769652777778,1.7496527777778,0
2020/07/05,6.2477083333333,21.894861111111,61.32125,1.8225694444444,2.69
2020/07/06,3.5260416666667,16.52625,50.990486111111,2.3882638888889,0
2020/07/07,5.9276388888889,15.640069444444,60.156041666667,1.6181944444444,2.43
2020/07/08,9.6370833333333,17.965416666667,62.444791666667,1.1217361111111,0
2020/07/09,9.6494444444445,24.719722222222,48.359375,1.8856944444445,0
2020/07/10,5.514107018763,16.298888888889,70.353611111111,1.6547222222222,3.89
2020/07/11,4.4847916666667,15.154236111111,59.760208333333,1.1527083333333,0.06
2020/07/12,6.181875,15.118819444444,60.323819444444,1.1309027777778,0
2020/07/13,5.8534494773519,17.255486111111,53.315347222222,0.97361111111111,0
2020/07/14,8.7560194850383,19.613472222222,49.355069444444,1.1122916666667,0.81
2020/07/15,10.832453092425,15.799305555556,76.015625,1.2365972222222,13.36
2020/07/16,12.893954134816,15.661111111111,69.145972222222,1.1888888888889,0.93
2020/07/17,12.767916666667,18.467361111111,72.680555555556,1.4203472222222,6.11
2020/07/18,10.604239054899,20.437013888889,63.551527777778,1.7097222222222,0
2020/07/19,8.9258333333333,21.698402777778,57.355208333333,1.3109722222222,0.04
2020/07/20,14.902986111111,19.243263888889,63.915694444445,1.6097916666667,0
2020/07/21,10.636483669215,19.322013888889,50.246805555556,1.3503472222222,0
2020/07/22,9.3420466058764,17.803039513678,53.54062816616,0.90932117527862,0
2020/07/23,10.533823529412,20.332181259601,52.31935483871,1.3917818740399,0.27
2020/07/24,12.352152777778,21.535625,55.312638888889,1.2945138888889,0.01
2020/07/25,10.329534398888,22.110833333333,52.831111111111,1.3784722222222,0
2020/07/26,10.571716469771,21.980138888889,58.207222222222,1.0092361111111,0
2020/07/27,11.000625,24.968888888889,50.431736111111,1.4641666666667,2.87
2020/07/28,11.150938151494,23.490833333333,56.604305555555,1.6175694444444,0
2020/07/29,14.022569444444,21.865763888889,49.921666666667,1.566875,0
2020/07/30,10.109589993051,20.319791666667,47.660972222222,1.7096527777778,0.06
2020/07/31,7.3639332870049,18.656666666667,51.724444444444,1.3186805555556,0
2020/08/01,9.850625,20.627222222222,50.282152777778,1.0113194444444,0
2020/08/02,11.875121612231,21.702152777778,56.757569444444,1.3996527777778,1.03
2020/08/03,18.923766504517,19.070972222222,73.260277777778,1.7290972222222,4.6
2020/08/04,7.2578472222222,18.593958333333,67.127708333333,1.9385416666667,0.04
2020/08/05,11.790548992356,21.379236111111,61.899791666667,1.6052083333333,0
2020/08/06,20.184364141765,24.19,54.173819444444,1.4845138888889,0
2020/08/07,24.212291666667,25.067777777778,51.141527777778,1.3815277777778,0
2020/08/08,18.9475,24.949166666667,52.701736111111,1.2279861111111,4.34
2020/08/09,11.233634468381,23.714027777778,56.044652777778,1.4719444444444,0.04
2020/08/10,10.05552466991,22.970069444444,57.087013888889,1.060625,7.24
2020/08/11,8.9414583333333,22.084722222222,51.122222222222,1.2347222222222,0
2020/08/12,9.0358582348853,22.127708333333,45.244166666667,1.1761111111111,0
2020/08/13,11.391869353718,23.474791666667,41.975694444444,1.7238194444444,0
2020/08/14,10.587421820709,22.085625,45.578958333333,2.120625,0
2020/08/15,7.2273106323836,20.952291666667,53.72625,2.2441666666667,23.63
2020/08/16,10.665416666667,21.69625,66.667361111111,1.0576388888889,0.08
2020/08/17,11.471805555556,19.226597222222,77.182152777778,1.1111111111111,9.89
2020/08/18,20.446143154969,18.777291666667,79.340555555556,1.6391666666667,5.85
2020/08/19,20.561362056984,21.155763888889,63.082638888889,1.7697916666667,0
2020/08/20,15.058888888889,22.697083333333,57.699027777778,0.82520833333333,0
2020/08/21,13.891458333333,24.399027777778,57.949513888889,1.2209722222222,1.87
2020/08/22,6.6733148019458,20.485833333333,71.148125,1.1002083333333,3.86
2020/08/23,7.9308547602502,20.005208333333,58.989722222222,1.3673611111111,0
2020/08/24,8.9699305555556,17.802847222222,59.669791666667,1.5210416666667,0
2020/08/25,6.8819318971508,19.650555555556,54.680208333333,1.9325694444444,0.16
2020/08/26,2.3833912439194,19.003680555556,48.756041666667,2.7200694444444,0
2020/08/27,5.9661099512874,18.272986111111,50.745555555556,1.1581944444444,0
2020/08/28,9.2942321056289,20.704513888889,56.738402777778,1.4996527777778,0
2020/08/29,10.559624739402,23.806388888889,54.510347222222,1.6747916666667,0.13
2020/08/30,3.066851980542,18.557916666667,59.274513888889,2.5215972222222,1.1
2020/08/31,5.8092361111111,14.708125,80.212291666667,2.0839583333333,32.61
2020/09/01,4.1057638888889,13.887708333333,71.904305555556,2.1994444444444,0.01
2020/09/02,9.8188888888889,14.900833333333,62.867569444444,1.1059027777778,0
2020/09/03,10.317829457364,16.847353361946,63.873605150215,1.4679542203147,0
2020/09/04,9.5257817929117,21.392152777778,60.165833333333,1.0640972222222,2.51
2020/09/05,8.3782638888889,16.246212647672,77.61362056984,1.0633773453787,8.42
2020/09/06,11.363819444444,14.748125,75.647291666667,0.89631944444445,5.25
2020/09/07,12.494535519126,14.36394984326,65.613714733542,1.4114420062696,0
2020/09/08,14.570325900515,18.612419239052,58.343431442929,1.0707106963388,0
2020/09/09,12.695028409091,16.021666666667,73.643541666667,1.1049305555556,0.01
2020/09/10,9.9700694444444,15.811180555556,62.234652777778,1.00625,0
2020/09/11,13.937638888889,18.435902777778,60.620902777778,0.79729166666667,0
2020/09/12,19.648227936067,19.284375,65.657222222222,1.1940972222222,0
2020/09/13,18.462612925643,20.190416666667,64.071805555555,0.65902777777778,0
2020/09/14,20.547083333333,20.506111111111,61.467847222222,1.1867361111111,0
2020/09/15,22.881527777778,21.516805555556,60.846111111111,0.82402777777778,0
2020/09/16,17.147185545518,16.558415841584,63.63026874116,1.4298444130127,0
2020/09/17,3.9656706045865,11.706805555556,56.941666666667,1.1088194444444,0
2020/09/18,11.10875,12.928472222222,55.850486111111,1.1086111111111,0
2020/09/19,15.810138888889,14.678888888889,57.182916666667,1.3810416666667,0
2020/09/20,12.732592077832,15.970416666667,58.400763888889,0.63375,0
2020/09/21,18.657748436414,17.241111111111,58.173402777778,0.78333333333333,0
2020/09/22,21.26625,17.366388888889,62.741527777778,0.70715277777778,0
2020/09/23,21.220291869354,18.206666666667,67.901111111111,1.02125,0
2020/09/24,17.032661570535,17.124791666667,70.468472222222,1.25375,0.43
2020/09/25,4.950660180681,15.341666666667,70.555277777778,2.1407638888889,2.96
2020/09/26,3.1961779013204,10.263888888889,63.208958333333,2.0325,0
2020/09/27,8.6042361111111,10.424375,74.377986111111,1.4884722222222,3.89
2020/09/28,16.901513944223,12.511611374408,81.689573459716,1.1315165876777,3.94
2020/09/29,19.482165605096,12.5075,81.913680555555,1.3486805555556,12.38
2020/09/30,8.7300903405142,12.164305555556,83.079305555556,0.795,1.05
2020/10/01,15.59979152189,14.238263888889,74.975069444444,1.1686805555556,0.12
2020/10/02,12.961388888889,18.176180555556,62.192638888889,1.5775694444444,0
2020/10/03,4.7524669909659,18.051944444444,55.894861111111,2.2077083333333,1.4
2020/10/04,5.4064628214037,14.470972222222,65.02375,1.6016666666667,2.88
2020/10/05,6.3192494788047,14.442777777778,62.859652777778,1.0279861111111,0
2020/10/06,13.638220986796,12.46125,68.569027777778,1.0303472222222,0
2020/10/07,20.933703961084,11.733194444445,73.925208333333,0.89680555555555,0.53
2020/10/08,21.64875,11.911805555555,71.096944444444,0.89,0
2020/10/09,21.525990271022,13.356597222222,73.500277777778,0.79756944444444,1.04
2020/10/10,12.35872133426,10.258333333333,73.341944444444,1.1695833333333,0.34
2020/10/11,7.6444444444444,7.6260416666666,77.568125,1.7090277777778,11.67
2020/10/12,5.994375,6.1524305555555,81.466180555555,1.2640277777778,27.27
2020/10/13,2.6046560111188,7.1336111111111,71.521527777778,1.5147916666667,3.76
2020/10/14,8.8348158443364,8.3050000000001,73.179513888889,1.7633333333333,0.43
2020/10/15,14.675608061154,6.8853472222222,79.059791666667,1.94625,0.81
2020/10/16,5.7770674079222,6.6609722222223,80.660555555556,1.6806944444444,1.09
2020/10/17,9.6211111111111,7.3029861111112,69.906805555556,2.4704166666667,0.01
2020/10/18,12.318333333333,8.98875,64.262916666667,1.6672222222222,0.02
2020/10/19,19.938637943016,9.0245138888889,63.313680555556,0.82298611111111,0
2020/10/20,26.066388888889,10.018611111111,67.095763888889,0.67361111111111,0
2020/10/21,34.162638888889,12.000972222222,68.104722222222,0.95875,0
2020/10/22,40.126198749131,10.756736111111,75.553125,0.71486111111111,0
2020/10/23,32.257956914524,11.693611111111,78.046597222222,1.2354861111111,0.03
2020/10/24,30.8072,9.4099333333333,82.3934,1.6908666666667,0
2020/10/25,16.432592077832,12.428125,71.081736111111,1.4025,0
2020/10/26,16.373592772759,15.043125,61.361944444444,0.95291666666667,0
2020/10/27,32.952814454482,12.411180555556,71.919305555555,0.81305555555555,0
2020/10/28,22.429375,9.2710416666667,73.810625,1.61125,1.41
2020/10/29,9.4722724113968,8.8438888888888,71.633958333333,1.5568055555556,1.76
2020/10/30,12.184433634468,8.9033333333333,72.303888888889,1.3065277777778,0.18
2020/10/31,31.947394023628,6.6996527777778,77.430763888889,0.89333333333333,0
2020/11/01,39.274287699792,10.353125,81.853402777778,0.58125,0.81
2020/11/02,21.666226546213,14.390902777778,78.729375,1.0363194444444,0
2020/11/03,11.742599027102,10.961805555556,80.403194444444,1.3409027777778,6.59
2020/11/04,19.061223071578,6.8202777777778,72.339791666667,1.2642361111111,0
2020/11/05,29.520208333333,6.7424305555555,68.914513888889,1.6193055555556,0
2020/11/06,40.755941626129,7.9917361111111,75.913263888889,0.91236111111111,0
2020/11/07,38.088047255038,6.9538888888889,74.898263888889,0.82986111111111,0
2020/11/08,42.268402777778,4.2588194444445,82.783194444444,1.7093055555556,0
2020/11/09,17.203057678944,4.8209722222222,80.919930555556,1.6584027777778,0
2020/11/10,22.977206393329,4.5681944444445,77.739513888889,1.2177083333333,0
2020/11/11,22.716678248784,5.7345138888889,68.34375,0.93145833333333,0
2020/11/12,22.043780403058,7.8272916666667,65.688680555556,0.86055555555555,0.01
2020/11/13,38.555802640723,7.0524305555555,72.52,1.0025694444444,0
2020/11/14,56.414940931202,7.0778472222222,73.335138888889,0.69638888888889,0
2020/11/15,28.423055555556,7.2630555555556,70.56125,1.2542361111111,0
2020/11/16,31.39680333565,9.1365972222223,66.442847222222,1.0424305555556,0
2020/11/17,33.522307157748,9.2051388888889,66.499513888889,0.79055555555556,0
2020/11/18,35.665208333333,7.5806944444444,65.595208333333,1.648125,0.14
2020/11/19,14.901111883252,4.2240277777778,61.821458333333,2.0009027777778,0
2020/11/20,41.213125,0.93895833333333,66.552569444444,1.2214583333333,0
2020/11/21,39.00041695622,3.765625,43.840138888889,1.8313194444444,0
2020/11/22,28.447222222222,5.0425,57.083402777778,1.9609027777778,0.07
2020/11/23,33.747810979847,4.8835416666667,62.198402777778,1.4049305555556,0
2020/11/24,76.310833333333,0.85937499999999,67.267569444444,0.82451388888889,0
2020/11/25,52.912995135511,-0.17256944444444,69.918402777778,1.5935416666667,0
2020/11/26,43.186935371786,1.2045833333333,76.020416666666,1.4003472222222,0.84
2020/11/27,31.645031271716,2.4167361111111,73.581805555556,1.3686805555556,0.05
2020/11/28,25.518541666667,0.91631944444444,73.643611111111,1.1636805555556,0.37
2020/11/29,42.539263377345,0.56097222222222,72.520347222222,0.81694444444445,0
2020/11/30,38.015079916609,0.50013888888889,59.872291666667,0.74743055555555,0
2020/12/01,45.392216817234,-4.1099305555556,75.316736111111,1.6693055555556,0.01
2020/12/02,61.930972222222,-2.3476388888889,70.487847222222,1.1004166666667,0
2020/12/03,23.812925642808,4.7832638888889,63.266944444444,1.5068055555556,0
2020/12/04,18.671785962474,8.7289583333333,61.088402777778,1.2995138888889,0
2020/12/05,17.556775538568,6.903125,67.009791666667,1.9170833333333,0
2020/12/06,14.743224461432,2.3380555555555,70.978263888889,2.6225,1.19
2020/12/07,20.821111111111,0.24423611111111,72.284722222222,2.1221527777778,0.23
2020/12/08,21.749791666667,-1.5331944444444,76.471319444444,2.5811805555556,0
2020/12/09,19.625347222222,-1.0779166666667,77.377361111111,1.9963194444444,0.93
2020/12/10,40.457123002085,-0.38208333333333,80.477430555556,1.2176388888889,0
2020/12/11,28.425990271022,0.68861111111111,82.059652777778,1.4477083333333,0
2020/12/12,25.421527777778,0.62215277777778,78.955486111111,0.86243055555555,0
2020/12/13,25.993254520167,1.2929861111111,74.016666666667,0.994375,0
2020/12/14,50.78999305073,-0.52715277777778,79.123680555555,0.89875,0
2020/12/15,89.214583333333,1.4838888888889,74.215069444444,0.76083333333333,0
2020/12/16,87.268611111111,2.3515277777778,74.715138888889,0.99618055555556,0
2020/12/17,54.216886726894,2.853125,76.073819444444,1.2075,0
2020/12/18,50.483947185546,-1.0786111111111,81.7225,0.82013888888889,0
2020/12/19,49.212222222222,-1.5090277777778,81.671388888889,0.82104166666667,0
2020/12/20,67.257638888889,-0.017222222222221,77.592152777778,0.70416666666667,0
2020/12/21,70.877569444445,2.3952777777778,77.846805555556,0.78965277777778,2.12
2020/12/22,25.937943015983,7.5803472222223,82.001597222222,1.2305555555556,1.67
2020/12/23,20.859763724809,7.0220138888889,76.564097222222,1.8791666666667,3.96
2020/12/24,9.2221681723419,3.4109027777778,69.754236111111,1.8940972222222,0.01
2020/12/25,18.79979152189,0.528125,66.581111111111,1.8022916666667,0.03
2020/12/26,25.334593837535,-0.83961593172119,60.845661450925,1.0765291607397,0
2020/12/27,6.5040972222222,5.7794811320755,56.125864779874,2.1001572327044,0
2020/12/28,3.534375,7.650786163522,51.804323899371,2.5090408805031,0.35
2020/12/29,34.284294649062,4.2011687363039,76.857706355004,0.80051132213294,0.57
2020/12/30,42.615635858235,1.5610416666667,80.280347222222,0.95347222222222,0
2020/12/31,42.872897845726,-0.33680555555556,79.733680555556,0.84048611111111,0
2021/01/01,57.556706045865,1.4255555555556,76.746527777778,0.98694444444445,0
2021/01/02,56.482986111111,2.3394444444444,71.440069444444,0.76701388888889,0.03
2021/01/03,58.321805555556,2.7109722222222,76.426527777778,1.0277777777778,0
2021/01/04,22.342946490618,2.5921527777778,79.533819444444,1.6988194444444,4.12
2021/01/05,39.004030576789,1.8740277777778,76.341319444444,0.93152777777778,0.96
2021/01/06,40.182986111111,1.251875,74.441597222222,1.6027777777778,0.05
2021/01/07,27.508125,1.278125,61.470277777778,0.885,0.03
2021/01/08,34.351563585823,0.704375,67.302569444445,1.5461805555556,0
2021/01/09,51.381584433634,-0.136875,65.481666666667,0.82118055555556,0
2021/01/10,76.062473940236,-2.6252777777778,65.588055555556,0.60986111111111,0
2021/01/11,77.805694444444,-1.8389583333333,62.148125,1.1152083333333,0
2021/01/12,16.123055555556,0.075069444444445,74.421597222222,2.3997222222222,0.01
2021/01/13,19.364280750521,-0.18694444444445,73.494444444444,1.6126388888889,0.1
2021/01/14,14.569448584203,-3.6479108635097,61.808844011142,1.9260445682451,0
2021/01/15,15.221428571429,-4.6785416666667,68.671319444444,2.3622222222222,0
2021/01/16,24.829583333333,-8.5672222222222,64.659652777778,1.4986805555556,0
2021/01/17,59.985208333333,-8.9947916666667,63.390069444445,1.2891666666667,0
2021/01/18,41.385277777778,-0.73548611111111,70.437361111111,1.1578472222222,0
2021/01/19,17.046004169562,3.3286805555555,69.242638888889,0.93152777777778,0
2021/01/20,48.46191799861,1.7423611111111,66.864097222222,0.64868055555555,0
2021/01/21,30.385615010424,5.1222222222222,66.777777777778,1.2482638888889,0.33
2021/01/22,13.368402777778,6.1374305555556,66.918680555555,1.2416666666667,0
2021/01/23,19.503961084086,3.0020138888889,68.478958333333,1.5361805555556,0.01
2021/01/24,11.977638888889,1.00625,65.118125,1.9065972222222,0
2021/01/25,18.311049339819,-0.12861111111111,68.825416666667,2.2331944444444,0.01
2021/01/26,18.360486111111,-0.68722222222222,68.869861111111,1.9586111111111,0
2021/01/27,38.430833333333,-0.11277777777777,64.948055555555,1.188125,0
2021/01/28,17.748992355803,0.22236111111111,61.945347222222,1.9673611111111,0
2021/01/29,33.012777777778,-0.97520833333333,71.167569444444,1.7897916666667,1.12
2021/01/30,25.587352328006,-3.6034722222222,59.254236111111,1.0513194444444,0
2021/01/31,70.065948575399,-5.9825,70.530833333333,1.9470833333333,0
2021/02/01,77.500625,-0.59152777777778,66.423263888889,0.69222222222222,1.43
2021/02/02,43.942430555556,6.0934027777778,71.020763888889,0.84659722222222,1.87
2021/02/03,13.505559416261,5.2888888888889,70.254652777778,3.1792361111111,1.77
2021/02/04,33.405837387074,-0.063055555555556,67.345,1.9204166666667,0
2021/02/05,25.613273106324,-2.1859027777778,58.151805555556,2.8494444444444,0
2021/02/06,27.969075747047,-7.1989583333333,71.158611111111,3.7074305555556,12.74
2021/02/07,30.859485753996,-5.960625,71.926666666667,2.1322222222222,27.51
2021/02/08,82.509236111111,-4.7240277777778,69.657638888889,1.20625,0
2021/02/09,77.325069444444,-3.9245833333333,69.233680555556,1.6602083333333,0
2021/02/10,27.315625,-8.4830555555555,59.392361111111,2.7181944444444,0
2021/02/11,20.127102154274,-10.138125,59.563680555556,2.1822916666667,0
2021/02/12,41.72446143155,-6.3621527777778,67.196527777778,2.0947222222222,0
2021/02/13,20.765601111883,-4.1199305555556,60.934861111111,2.88,0
2021/02/14,46.283541666667,-5.59,62.483611111111,1.9328472222222,0
2021/02/15,94.329117442669,-3.6083333333333,66.297430555555,0.76534722222222,0
2021/02/16,53.353509381515,1.3161805555556,73.297847222222,1.3917361111111,0.16
2021/02/17,47.223974982627,1.7701388888889,79.614236111111,1.5061805555556,0.02
2021/02/18,71.857909407666,1.2808066759388,78.39207232267,1.0368567454798,0.4
2021/02/19,76.454930555556,4.6816666666667,66.001180555555,0.77875,0
2021/02/20,67.959416261293,4.019375,61.493541666667,0.82444444444444,0
2021/02/21,63.074652777778,4.9760416666667,63.365833333333,0.82472222222222,0
2021/02/22,64.310555555556,4.4332638888889,71.505555555555,1.1894444444444,0
2021/02/23,75.887143849896,8.6472916666666,60.127152777778,0.799375,0
2021/02/24,81.045239749826,9.2643055555556,57.097708333333,0.77277777777778,0
2021/02/25,44.157748436414,9.0952777777778,60.179027777778,1.8438194444444,5.04
2021/02/26,13.856180555556,4.8599305555555,70.633888888889,2.4296527777778,0
2021/02/27,17.636875,4.5246527777778,64.358055555556,2.311875,0
2021/02/28,18.977414871439,4.4756944444444,65.45,1.3750694444444,0
2021/03/01,39.991736111111,5.6461805555556,59.924861111111,1.6444444444444,0
2021/03/02,56.642738012509,8.1424305555555,50.039027777778,1.0909722222222,0
2021/03/03,38.681458333333,7.7938194444445,60.190347222222,2.2761111111111,0.97
2021/03/04,19.905976372481,1.026875,68.263611111111,1.595,0.36
2021/03/05,29.519791666667,0.010902777777779,57.880277777778,1.6572916666667,0
2021/03/06,23.549061848506,2.201875,47.693055555556,2.5455555555556,0
2021/03/07,24.942738012509,0.46326388888889,56.055208333333,1.5454861111111,0.01
2021/03/08,39.560138888889,-0.99298611111111,52.816319444444,1.1152083333333,0
2021/03/09,37.581527777778,-0.40076388888889,46.615486111111,1.1372916666667,0
2021/03/10,38.325573314802,1.5510416666667,52.612847222222,1.3098611111111,0.06
2021/03/11,9.1947185545518,6.8294444444444,57.229930555555,2.8335416666667,2.28
2021/03/12,14.331805555556,7.6436111111111,47.309861111111,2.5752777777778,0
2021/03/13,5.3792216817234,7.4036111111111,52.049652777778,2.7031944444444,0.06
2021/03/14,29.589645587213,4.3852083333333,58.505486111111,1.0786111111111,0.01
2021/03/15,55.083402777778,2.5846527777778,69.289930555556,1.2092361111111,4.96
2021/03/16,15.577970813065,3.6227083333333,61.790486111111,2.3609027777778,0.15
2021/03/17,13.456706045865,2.041875,53.681527777778,2.205625,0
2021/03/18,42.169236111111,-0.45395833333333,64.752291666667,1.1085416666667,0.08
2021/03/19,11.678055555556,-1.3495833333333,49.145555555556,1.7048611111111,0.01
2021/03/20,22.524947880473,-1.3752083333333,60.858402777778,2.2703472222222,0
2021/03/21,10.136970118138,2.1232638888889,53.241041666667,2.0211805555556,0
2021/03/22,25.440097289785,4.3402777777778,57.116944444444,2.3002083333333,0
2021/03/23,23.664141765115,5.5806944444445,63.440208333333,1.7988194444444,0
2021/03/24,50.019944405837,6.1745833333333,57.052430555556,0.85951388888889,0
2021/03/25,73.570743571925,8.1190277777778,52.655625,0.886875,0
2021/03/26,35.134954829743,10.180486111111,53.091111111111,1.8598611111111,1.17
2021/03/27,10.116243654822,6.4452898550725,53.125289855072,1.9940579710145,0.01
2021/03/28,34.55872133426,7.3311111111111,59.73375,1.1233333333333,1.38
2021/03/29,33.172986111111,11.589375,73.274791666666,0.92979166666667,1.28
2021/03/30,41.678125,14.158263888889,59.512152777778,0.83472222222222,0
2021/03/31,26.036692147324,15.220625,50.526180555556,1.8582638888889,0.56
2021/04/01,13.855694444444,8.6510416666667,56.179305555556,1.6729861111111,1.89
2021/04/02,21.727102154274,4.6822916666667,61.28875,1.7250694444444,0.63
2021/04/03,10.235093815149,3.9288194444444,53.996736111111,1.3434722222222,0
2021/04/04,14.059555246699,6.8155555555555,46.415763888889,2.9284722222222,0.8
2021/04/05,8.1360416666667,1.2163194444444,60.107083333333,2.2865972222222,0
2021/04/06,16.066921473245,1.1174305555556,63.050486111111,2.0954861111111,0.11
2021/04/07,10.859166666667,1.9386805555556,65.650694444445,2.0605555555556,0.19
2021/04/08,13.766921473245,6.29375,45.931458333333,1.6473611111111,0
2021/04/09,15.996733842946,12.184722222222,37.035833333333,1.3486805555556,0
2021/04/10,18.111466296039,11.690694444444,50.253958333333,1.605625,1.63
2021/04/11,13.857956914524,11.713263888889,55.429305555555,1.7038194444444,0
2021/04/12,7.2799861014593,2.8652777777778,72.465277777778,2.1346527777778,1.34
2021/04/13,11.268450312717,2.3388888888889,72.086180555555,1.8572916666667,0.02
2021/04/14,6.9243224461431,2.3980555555556,75.226180555555,2.2704861111111,0.12
2021/04/15,8.0298611111111,2.8044444444444,78.327569444444,2.4333333333333,2.39
2021/04/16,14.898055555556,4.1479861111111,78.613611111111,1.4704861111111,0.16
2021/04/17,19.09979152189,7.0540277777778,68.836111111111,1.0084027777778,0.03
2021/04/18,32.029534398888,7.5813888888889,76.18875,0.89875,3.34
2021/04/19,19.942529534399,9.7232638888889,62.569027777778,1.1154861111111,0
2021/04/20,23.885664578984,11.139097222222,56.545972222222,1.8195833333333,0.52
2021/04/21,15.306462821404,8.6611805555556,55.795486111111,1.8951388888889,1.63
2021/04/22,8.860319666435,5.6999305555556,58.983125,2.0713194444444,1.17
2021/04/23,12.824322446143,8.6196527777778,45.300694444444,1.9914583333333,0.02
2021/04/24,10.981862404448,7.6436111111111,42.737152777778,1.8061111111111,0
2021/04/25,11.720946416145,5.1704861111111,40.440972222222,1.8576388888889,0
2021/04/26,13.948992355803,6.7792361111111,35.676180555556,1.72875,0
2021/04/27,17.065392633773,10.131875,33.340208333333,1.8814583333333,0
2021/04/28,16.42744961779,13.659930555556,43.544236111111,1.3765972222222,0
2021/04/29,10.646699096595,14.849513888889,51.324444444444,1.8197916666667,2.52
2021/04/30,23.282904794997,10.473194444444,66.562638888889,1.4573611111111,3.02
2021/05/01,14.810145934677,10.139930555556,72.222430555556,3.4000694444444,9.31
2021/05/02,4.4240972222222,8.1379166666667,50.824444444444,3.0796527777778,0.01
2021/05/03,11.743224461432,11.871527777778,42.116805555556,1.8795833333333,0
2021/05/04,4.0689583333333,13.959444444444,46.214027777778,2.4105555555556,1.56
2021/05/05,1.864375,9.954375,45.465486111111,2.5768055555556,0.06
2021/05/06,2.4508333333333,10.828472222222,55.377430555556,2.8100694444445,0.95
2021/05/07,4.2267546907575,8.5836111111111,47.580138888889,2.4069444444444,0.03
2021/05/08,14.246375739645,14.756527777778,39.758888888889,1.0378472222222,0
2021/05/09,7.0404447533009,19.913888888889,33.995625,1.4519444444444,0
2021/05/10,9.9337039610841,21.716527777778,39.097083333333,1.9377083333333,0
2021/05/11,9.5211952744962,21.130208333333,40.514791666667,2.1588194444444,0
2021/05/12,10.242182070883,15.923333333333,61.912361111111,1.3183333333333,9.52
2021/05/13,10.081597222222,13.831597222222,71.484652777778,2.3264583333333,1.06
2021/05/14,6.26125,14.667777777778,60.926875,1.6050694444444,4.13
2021/05/15,5.4709027777778,13.433263888889,70.726319444444,1.0790972222222,1.54
2021/05/16,6.7586518415566,12.294444444444,73.375763888889,1.1725694444444,6.87
2021/05/17,4.6301388888889,11.758958333333,73.627986111111,2.3547916666667,9.52
2021/05/18,9.7415566365532,12.088472222222,65.698680555556,1.6784722222222,5.53
2021/05/19,5.2814583333333,13.390436005626,52.673206751055,1.9612517580872,0.07
2021/05/20,7.6426388888889,14.622013888889,49.730555555556,1.7759722222222,0.2
2021/05/21,3.3125086865879,13.094791666667,65.953333333333,1.6774305555556,6.82
2021/05/22,3.19,12.010972222222,66.033194444444,1.1925,2.08
2021/05/23,7.468125,14.713125,54.604444444444,1.3375694444444,0
2021/05/24,5.0808200138985,12.837291666667,68.496319444444,1.5691666666667,7.52
2021/05/25,2.4630555555556,14.617361111111,44.968472222222,1.4679166666667,0
2021/05/26,2.9458651841557,15.472638888889,45.822986111111,2.1897222222222,0
2021/05/27,5.0858234885337,14.136388888889,50.676458333333,1.7688888888889,0
2021/05/28,6.0905489923558,11.268958333333,67.104930555556,1.5039583333333,1.31
2021/05/29,6.6612230715775,12.446041666667,61.099652777778,1.9068055555556,0.05
2021/05/30,6.5569444444444,13.910069444444,49.432152777778,1.986875,0
2021/05/31,8.1510771369006,13.633958333333,45.408680555556,1.1104861111111,0
2021/06/01,10.884225156359,15.092847222222,44.999652777778,1.5491666666667,0
2021/06/02,10.090548992356,16.737916666667,43.091597222222,1.1502777777778,0
2021/06/03,11.564097222222,18.81625,42.72,1.188125,0.05
2021/06/04,11.543154968728,17.517291666667,62.941944444444,1.1615277777778,7.39
2021/06/05,12.150347222222,18.629513888889,55.060972222222,1.0694444444444,0
2021/06/06,8.0443671766342,20.006805555556,45.365625,1.3925694444444,0
2021/06/07,12.063446838082,20.402708333333,45.488541666667,1.1968055555556,0
2021/06/08,11.053856845031,20.243055555556,50.219305555555,1.4060416666667,0.28
2021/06/09,5.5188022284123,19.403888888889,47.203958333333,1.7154166666667,0.02
2021/06/10,10.626041666667,17.957569444444,61.792152777778,1.2097222222222,6.85
2021/06/11,11.607152777778,18.783194444444,63.870138888889,1.6022916666667,8.2
2021/06/12,2.5023627519111,14.679444444444,57.266944444444,3.2192361111111,0.04
2021/06/13,2.1711111111111,16.708263888889,47.671736111111,1.9540972222222,0
2021/06/14,9.3370233702337,18.741991643454,48.768662952646,0.98182451253482,0
2021/06/15,14.436880733945,21.155625,48.942986111111,1.2378472222222,0
2021/06/16,14.928839471855,22.862777777778,48.329722222222,1.921875,0
2021/06/17,13.521959694232,24.641666666667,43.084722222222,1.6311111111111,0
2021/06/18,11.177067407922,25.388263888889,45.998402777778,2.2752777777778,0
2021/06/19,11.046560111188,24.993680555556,48.556319444444,2.1388194444444,0
2021/06/20,12.631875,26.281875,48.502986111111,1.9143055555555,0
2021/06/21,19.720569840167,25.053055555556,58.135208333333,1.3119444444444,19.3
2021/06/22,22.160945100764,22.715208333333,70.315972222222,1.3554166666667,0
2021/06/23,7.8420833333333,24.430625,64.623263888889,1.94625,39.52
2021/06/24,10.694791666667,19.850833333333,69.555625,1.5120138888889,0.46
2021/06/25,14.265625,19.224791666667,69.757430555556,1.1461805555556,15.58
2021/06/26,13.975399583044,20.181805555556,64.243472222222,1.2889583333333,0
2021/06/27,16.342946490618,22.24875,53.069722222222,1.0530555555556,0
2021/06/28,5.44375,23.309722222222,53.982013888889,1.7128472222222,4.27
2021/06/29,8.6598332175122,22.814583333333,56.260277777778,2.249375,0.91
2021/06/30,7.3358333333333,19.60125,62.617777777778,1.4554861111111,0
2021/07/01,9.294375,18.914513888889,62.207847222222,1.7372222222222,0
2021/07/02,13.880055594163,18.299236111111,67.271736111111,1.7313888888889,2.93
2021/07/03,12.352744961779,20.375138888889,56.775277777778,1.1132638888889,0
2021/07/04,14.426963168867,21.895,50.680625,1.2113194444444,0
2021/07/05,16.670952050035,23.991180555555,50.357847222222,1.2436805555556,0
2021/07/06,16.909034051425,26.653611111111,46.980208333333,1.1976388888889,0
2021/07/07,15.252638888889,25.415625,56.370972222222,1.9632638888889,0
2021/07/08,3.3443363446838,24.596319444444,62.750347222222,1.616875,36.19
2021/07/09,12.364489228631,20.905277777778,54.189652777778,1.8026388888889,0
2021/07/10,10.808194444444,20.762013888889,66.650902777778,1.9453472222222,7.68
2021/07/11,19.527986111111,18.827777777778,78.322847222222,1.2,12.99
2021/07/12,22.122654621265,23.605763888889,63.164722222222,1.58,0
2021/07/13,10.486163522013,26.211875,58.512916666667,1.2004166666667,0
2021/07/14,16.149272349272,20.95668161435,75.316860986547,1.6421524663677,59.28
2021/07/15,11.981527777778,23.607560137457,67.442783505155,1.2263745704467,0.22
2021/07/16,14.186935371786,23.475,67.208472222222,1.4460416666667,14.54
2021/07/17,7.9073764787752,22.544583333333,72.080972222222,1.370625,0.52
2021/07/18,9.5620138888889,21.966597222222,56.920833333333,1.8329166666667,0
2021/07/19,6.4588194444445,17.472222222222,73.185625,1.2446527777778,3.31
2021/07/20,8.0187630298819,19.059791666667,57.304513888889,1.7879861111111,0.01
2021/07/21,13.928,19.525763888889,57.463194444444,1.0726388888889,0
2021/07/22,8.3291871921182,21.01752433936,54.229346314325,0.97009735744089,0
2021/07/23,7.9072967338429,22.956736111111,51.827847222222,1.0953472222222,0
2021/07/24,8.4009722222222,22.002986111111,57.854722222222,1.1263888888889,0.01
2021/07/25,11.206319444444,23.515902777778,60.221041666667,1.5219444444444,8.7
2021/07/26,9.894788047255,23.433472222222,64.553402777778,1.4250694444444,8.72
2021/07/27,3.9535093815149,24.944236111111,57.697847222222,1.2714583333333,7.16
2021/07/28,4.2511805555556,22.698402777778,58.906180555556,1.8209027777778,5.13
2021/07/29,5.5669214732453,23.127638888889,53.306180555555,1.3801388888889,0
2021/07/30,8.4697222222222,21.697708333333,65.032916666667,0.90284722222222,0.12
2021/07/31,1.9665277777778,19.888541666667,73.021458333333,1.105,6.86
2021/08/01,5.7400277970813,16.966388888889,69.73125,2.1597222222222,0.35
2021/08/02,3.7925642807505,18.622222222222,59.437847222222,1.2652083333333,0.35
2021/08/03,2.8971988795518,19.515625,61.507777777778,1.3134027777778,0.01
2021/08/04,8.445625,16.736875,81.161666666667,2.4540972222222,95.06
2021/08/05,6.6659485753996,15.844444444444,69.642013888889,2.4494444444444,3.14
2021/08/06,9.1926337734538,19.847916666667,57.101111111111,1.409375,0
2021/08/07,14.772897845726,21.088888888889,58.116388888889,1.8014583333333,0.82
2021/08/08,17.353509381515,20.383333333333,62.224652777778,1.111875,0.02
2021/08/09,19.48875,22.440486111111,57.473611111111,1.0078472222222,0
2021/08/10,12.84510076442,21.080694444444,56.599652777778,1.6200694444444,0.42
2021/08/11,3.0587213342599,19.668472222222,54.375208333333,1.0136805555556,0
2021/08/12,4.3591382904795,21.257083333333,56.545972222222,0.81847222222222,0
2021/08/13,5.5808333333333,23.895069444444,60.569652777778,1.2367361111111,0
2021/08/14,9.9896527777778,25.131319444444,56.657083333333,1.0583333333333,0
2021/08/15,10.551633078527,24.410347222222,58.279722222222,1.3936111111111,2.06
2021/08/16,14.143541666667,16.189166666667,67.567986111111,2.1450694444444,6.56
2021/08/17,9.2631688672689,16.3475,54.563541666667,1.8551388888889,0
2021/08/18,5.8534722222222,18.081805555556,56.915277777778,1.4980555555556,0
2021/08/19,10.288186240445,20.025972222222,58.356180555556,0.90701388888889,0
2021/08/20,9.9649061848506,19.723680555556,59.499513888889,1.0196527777778,0
2021/08/21,6.8046560111188,20.484791666667,54.678055555556,0.848125,0
2021/08/22,6.6399305555556,18.315555555556,76.48,1.1040277777778,14.08
2021/08/23,12.76174863388,14.64125,79.552916666667,1.4629861111111,5.58
2021/08/24,8.3771929824561,13.509930555556,61.523263888889,1.1509722222222,0
2021/08/25,2.7785267546908,12.814305555556,72.709097222222,1.1741666666667,0.92
2021/08/26,3.3277275886032,13.540694444444,75.989791666666,1.0704166666667,1.19
2021/08/27,7.0179166666667,14.727638888889,65.042013888889,1.111875,0
2021/08/28,10.358095899931,13.797297297297,77.263243243243,0.56972972972973,0
2021/08/29,19.424919093851,13.394649061848,79.976997915219,1.4597637248089,16.51
2021/08/30,5.9709190672154,13.990972222222,80.921111111111,2.1075,23.22
2021/08/31,13.724930555556,14.833194444444,72.678333333333,2.3347222222222,0.31
2021/09/01,17.688464211258,15.505625,64.815416666667,1.6792361111111,0
2021/09/02,17.723697011814,16.460277777778,65.394305555556,1.5249305555556,0
2021/09/03,16.064305555556,12.90435483871,78.656774193548,0.60951612903226,0
2021/09/05,15.782916666667,13.167916666667,56.178194444444,1.1616666666667,0
2021/09/06,16.887282835302,15.005347222222,61.698402777778,0.88965277777778,0
2021/09/07,18.667824878388,17.652708333333,60.18625,0.84138888888889,0
2021/09/08,17.989715079917,17.783680555556,58.780138888889,0.908125,0
2021/09/09,23.471597222222,17.615555555555,56.925763888889,0.83756944444444,0
2021/09/10,27.292638888889,17.721111111111,57.585416666667,0.943125,0
2021/09/11,8.9863099374566,18.475694444444,64.225694444445,1.0603472222222,0
2021/09/12,3.8403057678944,18.346875,70.875972222222,0.99361111111111,1.66
2021/09/13,7.004169562196,17.864305555556,64.161805555556,0.84104166666667,0
2021/09/14,7.2571230020848,18.052708333333,62.892777777778,0.95736111111111,0
2021/09/15,10.084989576094,19.348541666667,69.847638888889,0.79895833333333,0.26
2021/09/16,8.2612925642808,15.272430555556,80.556597222222,1.3511111111111,23.95
2021/09/17,12.924930555556,13.394583333333,72.89625,2.0921527777778,1.28
2021/09/18,3.4276270006959,10.533402777778,71.455902777778,1.9126388888889,0
2021/09/19,9.5845833333334,9.9784027777778,69.277986111111,1.6625694444444,0.22
2021/09/20,22.796733842946,10.005972222222,69.472222222222,1.6361805555556,0.14
2021/09/21,25.381180555556,9.9667361111111,72.321458333333,1.5288888888889,2.51
2021/09/22,13.422376650452,13.040972222222,66.226319444444,2.0902083333333,0
2021/09/23,22.226337734538,14.403541666667,57.338055555556,3.1909027777778,0.16
2021/09/24,21.253300903405,16.575416666666,63.854027777778,1.3395833333333,0
2021/09/25,19.798958333333,17.89125,67.704930555556,1.3821527777778,0
2021/09/26,17.714305555556,16.102222222222,71.984513888889,2.2134027777778,0
2021/09/27,20.506180555556,12.739861111111,66.342847222222,1.6503472222222,0
2021/09/28,19.347741487144,11.687569444444,70.979722222222,1.7395138888889,0.07
2021/09/29,24.084781097985,12.468958333333,77.329583333334,0.92180555555556,0.36
2021/09/30,21.303891591383,10.265555555556,74.480347222223,1.8989583333333,0
2021/10/01,23.881584433634,13.217569444444,66.203611111111,1.350625,0
2021/10/02,18.535833333333,13.568055555556,62.467222222222,1.0815277777778,0
2021/10/03,20.913263888889,15.743680555556,63.343888888889,0.78680555555556,0
2021/10/04,31.152569444444,16.952152777778,60.740833333333,1.3723611111111,0
2021/10/05,44.65875,12.7075,76.821944444444,0.91694444444444,4.96
2021/10/06,29.161111111111,12.195208333333,67.471666666667,1.8675694444445,0
2021/10/07,10.817581653926,8.4819444444445,51.627361111111,2.6590972222222,0
2021/10/08,19.546666666667,7.0129861111111,51.488680555555,2.2763194444444,0
2021/10/09,11.259375,6.4322916666667,55.549375,1.4264583333333,0
2021/10/10,10.45809589993,6.9708333333334,62.952986111111,0.99590277777778,0
2021/10/11,25.781028492008,8.6048611111111,67.281944444444,1.5969444444444,0.1
2021/10/12,34.870833333333,6.6332638888889,73.513125,1.4928472222222,1.32
2021/10/13,20.146351633079,7.7219444444445,63.602083333333,1.4235416666667,0
2021/10/14,11.878179291174,10.484930555556,60.291944444444,1.4379166666667,0
2021/10/15,8.8726893676164,9.0423611111111,67.260347222222,1.511875,0
2021/10/16,1.2915620641562,7.8068055555556,62.62625,0.90375,0
2021/10/17,5.1382904794997,7.8468055555555,76.305,1.2701388888889,0.04
2021/10/18,17.7617095205,11.186875,62.915347222222,0.95715277777778,0
2021/10/19,28.055763888889,14.735277777778,56.988819444445,0.99402777777778,0
2021/10/20,47.562916666667,13.660694444444,54.006458333333,2.2798611111111,0
2021/10/21,39.380972222222,11.11050069541,41.031015299026,4.0749652294854,0
2021/10/22,50.057013888889,7.2653472222222,57.377152777778,2.8757638888889,1.59
2021/10/23,53.2382904795,6.3231944444444,64.147777777778,1.0886111111111,0
2021/10/24,33.493472222222,6.1381944444444,60.288541666667,0.73826388888889,0
2021/10/25,27.838025350233,6.2942361111111,60.700208333333,0.78013888888889,0
2021/10/26,31.129742876998,9.3966666666667,62.685069444444,1.0095138888889,0.01
2021/10/27,35.404794996525,8.8525,64.764861111111,0.66631944444444,0
2021/10/28,13.011049339819,8.6761805555555,62.17875,0.70465277777778,0
2021/10/29,8.1182070882557,11.286041666667,49.488472222222,1.0973611111111,0
2021/10/30,5.4487143849896,9.9104,54.427266666666,0.88653333333333,0
2021/10/31,17.637178596247,8.965625,56.530138888889,0.81791666666667,0.03
2021/11/01,34.119318971508,7.9727777777778,75.964722222222,1.0517361111111,11.49
2021/11/02,10.162569444444,9.739375,63.090625,1.2160416666667,0.09
2021/11/03,19.723419041001,11.383194444444,60.695902777778,2.2736805555556,0.04
2021/11/04,41.660458651842,8.3331944444445,55.048958333333,2.4434722222222,0
2021/11/05,69.806388888889,7.3265277777778,60.999652777778,1.5852083333333,0
2021/11/06,45.81625,6.4204861111111,60.000277777778,1.83625,0.18
2021/11/07,45.343958333333,7.9523611111111,63.898055555556,2.0860416666667,0.04
2021/11/08,50.522515635858,7.2226388888889,75.516041666667,1.3559027777778,0
2021/11/09,46.922237665045,5.3065277777778,71.243055555556,0.84416666666667,0
2021/11/10,37.46532314107,4.9795138888889,68.682708333333,0.74152777777778,0
2021/11/11,37.197845726199,5.0522916666667,75.101319444444,1.1586805555556,0
2021/11/12,12.462751911049,4.1097222222222,78.459305555555,1.2154861111111,0
2021/11/13,7.5311805555555,5.3434722222222,72.621319444445,0.93486111111111,0
2021/11/14,9.6144444444444,5.5571527777778,74.730833333333,2.0097916666667,0
2021/11/15,13.655594162613,4.8652083333333,77.064444444444,0.98263888888889,0
2021/11/16,20.205489923558,4.3443055555555,74.396111111111,0.94708333333333,0
2021/11/17,8.6022237665045,6.6009027777777,68.448958333333,2.4610416666667,0.06
2021/11/18,14.431897150799,7.9216666666667,75.665694444444,3.5003472222222,0.04
2021/11/19,43.372689367616,9.6593750000001,72.267847222222,2.8898611111111,0
2021/11/20,53.287569444444,8.6265277777778,65.512083333333,1.5624305555556,0
2021/11/21,20.286726893676,5.8220138888889,73.999027777778,1.2059027777778,0.36
2021/11/22,44.71765114663,3.5858333333333,60.535763888889,2.24125,0
2021/11/23,12.648853370396,4.1309027777778,67.447361111111,1.0321527777778,0.08
2021/11/24,6.109375,1.951875,65.792986111111,0.64861111111111,0
2021/11/25,3.1284225156359,3.0100694444444,77.863194444444,1.0684722222222,9.6
2021/11/26,1.573273657289,3.2472916666667,69.855625,1.593125,0.13
2021/11/27,21.976523702032,3.2466666666667,78.767847222222,1.2588194444444,0.32
2021/11/28,21.526256499133,1.2450694444444,73.225694444445,2.7514583333333,0.01
2021/11/29,29.298818624044,2.1640972222222,68.187777777778,3.7408333333333,0.52
2021/11/30,56.535371785963,4.9028472222222,63.533819444445,2.2571527777778,0.14
2021/12/01,30.267685892981,8.1816091954023,57.290038314176,3.0522349936143,0.01
2021/12/02,30.421612230716,0.9075,50.613680555555,2.0934027777778,0
2021/12/03,36.80125,0.77243055555555,50.243125,0.84847222222222,0
2021/12/04,65.122361111111,2.2420138888889,68.666388888889,0.77513888888889,0.05
2021/12/05,54.620013898541,1.3995138888889,78.120208333333,0.89222222222222,0.19
2021/12/06,50.25128561501,-0.39979166666667,73.452777777778,1.8223611111111,0
2021/12/07,104.9085476025,-3.0193055555556,74.415763888889,2.460625,0
2021/12/08,105.16534722222,-1.9200694444444,73.180138888889,2.0224305555556,0
2021/12/09,55.212439193885,0.19819444444444,75.012430555556,0.915,0
2021/12/10,21.00722724114,0.29958333333333,76.061527777778,0.87805555555556,0
2021/12/11,5.0151388888889,-0.17097222222222,68.287152777778,1.2190277777778,0
2021/12/12,11.275277777778,-2.0088194444444,69.569791666667,0.59979166666666,0
2021/12/13,5.6785267546908,0.62847222222222,74.708611111111,0.61145833333333,0.01
2021/12/14,4.2122222222222,4.1070833333333,80.578958333333,1.448125,0.01
2021/12/15,18.89375,6.0134722222222,77.205555555556,2.0852777777778,0
2021/12/16,56.532430555556,4.6526388888889,62.754444444445,2.8675,0.03
2021/12/17,70.027152777778,2.9397916666667,69.641458333333,2.5852777777778,0.12
2021/12/18,9.7509027777778,4.5127083333334,72.91625,3.6386111111111,1.34
2021/12/19,10.737804030577,0.64576388888889,66.289305555556,2.9,0.16
2021/12/20,47.071994440584,-2.0702777777778,61.287430555556,1.451875,0.03
2021/12/21,65.675121612231,-3.2697222222222,65.627013888889,0.97618055555556,0
2021/12/22,42.782777777778,-3.1595833333333,61.589236111111,0.72402777777777,0
2021/12/23,65.025138888889,4.105,71.450416666667,3.5305555555556,0.41
2021/12/24,93.594927032662,-2.9363194444445,64.118194444444,1.61125,0.05
2021/12/25,5.30125,-7.2484722222222,66.962986111111,1.1214583333333,0
2021/12/26,8.6753300903405,-8.0019444444444,74.021527777778,2.2247916666667,0
2021/12/27,17.518611111111,-3.7824305555556,72.067847222222,2.0343055555556,0
2021/12/28,3.3927083333333,-1.0875694444444,72.028888888889,0.75972222222222,0.18
2021/12/29,2.8439193884642,3.0679166666667,75.370138888889,0.79625,0.01
2021/12/30,6.6464211257818,10.456180555556,74.770694444445,2.9752777777778,0.56
2021/12/31,2.9280555555556,10.004166666667,79.246319444444,2.2063888888889,0.12
2022/01/01,23.985545517721,9.6906249999999,70.601041666667,1.2119444444444,0
2022/01/02,57.01744266852,9.5854861111111,56.621597222222,3.5331944444444,0.53
2022/01/03,61.449722222222,8.766875,66.075069444444,2.0102777777778,0.55
2022/01/04,52.749895760945,5.4534027777778,73.540972222222,2.1329861111111,4.18
2022/01/05,28.201945795692,1.5500694444444,58.811111111111,3.5003472222222,0.12
2022/01/06,27.55830437804,-1.9509722222222,54.630902777778,0.80902777777778,0
2022/01/07,20.834166666667,-2.9225694444444,59.085625,0.60034722222222,0
2022/01/08,13.799861014593,0.164375,59.468055555556,0.71756944444444,0
2022/01/09,19.381111111111,-2.6207638888889,69.073819444444,1.7284027777778,0
2022/01/10,49.346907574705,-2.3990277777778,61.588888888889,1.6436111111111,0
2022/01/11,11.263238359972,-3.9021527777778,61.081944444445,1.3356944444444,0
2022/01/12,14.978263888889,1.5036805555556,68.423125,3.0961111111111,0
2022/01/13,33.659583333333,3.3426388888889,70.334166666667,3.6863194444445,0.13
2022/01/14,13.467152777778,1.4020833333333,65.110694444444,2.2811111111111,0
2022/01/15,9.3253648366921,-0.15208333333333,67.108402777778,1.381875,0
2022/01/16,50.317777777778,1.2884722222222,70.471458333333,3.948125,3.43
2022/01/17,51.340625,-0.11465277777778,64.85125,2.545625,0
2022/01/18,31.696805555556,0.38979166666667,62.906736111111,1.7817361111111,0
2022/01/19,24.667152777778,1.0626388888889,59.925555555555,4.1522222222222,0.23
2022/01/20,7.5469075747047,-2.0654166666667,64.516319444444,2.9611111111111,0
2022/01/23,11.654412786657,-2.8666666666667,55.540486111111,0.83736111111111,0
2022/01/24,3.6570833333333,0.78736111111112,73.017986111111,2.0244444444444,0
2022/01/25,13.439263377345,1.5956944444445,77.644930555556,2.2522916666667,0.11
2022/01/26,31.361805555556,1.5634027777778,71.240694444445,2.871875,0.05
2022/01/27,6.5784722222222,2.301875,70.767430555555,3.8188194444444,1.75
2022/01/28,15.640861709521,1.5041666666667,63.952777777778,2.9240277777778,0.02
2022/01/29,20.536944444444,4.4671527777778,60.107986111111,5.4982638888889,2.53
2022/01/30,10.003819444444,2.14375,55.779652777778,2.2820833333333,0
2022/01/31,5.9685198054204,0.80368055555555,66.694583333333,2.309375,0
2022/02/01,4.5299513551077,2.4047222222222,74.570555555556,2.9869444444444,2.8
2022/02/02,8.5443055555555,1.5728472222222,65.754097222222,1.8204166666667,0.14
2022/02/03,14.570833333333,3.8322916666667,67.079444444445,1.2099305555556,0.17
2022/02/04,14.627519110493,3.9886805555556,60.634166666667,2.9272222222222,0.28
2022/02/05,17.527152777778,3.7526388888889,61.405555555556,2.9282638888889,0.87
2022/02/06,16.894722222222,3.4015277777778,66.75125,3.1370138888889,1.22
2022/02/07,35.666782487839,3.6806944444444,65.355694444444,3.3320833333333,0.14
2022/02/08,34.63425990271,6.6958333333334,75.384305555555,2.5411111111111,1.09
2022/02/09,45.062195969423,7.8381944444445,56.336666666667,1.3325694444444,0
2022/02/10,53.044305555556,5.4888194444444,65.380138888889,2.1897916666667,0.16
2022/02/11,1.85375,1.9022916666667,53.173055555556,1.5877777777778,0.06
2022/02/12,4.4070882557331,1.5114583333333,48.439375,0.66909722222222,0
2022/02/13,4.2423611111111,3.2411111111111,48.278680555556,0.99131944444444,0
2022/02/14,8.1187630298819,4.2538888888889,57.491597222222,1.0284722222222,0
2022/02/15,4.1413481584434,6.7047222222222,52.986666666667,2.120625,0.01
2022/02/16,7.3628908964559,8.3617361111112,56.632222222222,4.6279166666667,7.99
2022/02/17,9.8373611111111,7.2766666666667,46.366944444444,3.2025694444444,0.03
2022/02/18,21.865972222222,8.4920833333333,35.342013888889,4.5810416666667,0.26
2022/02/19,19.971507991661,4.8679861111111,53.452083333333,2.8975,0.38
2022/02/20,46.906805555556,6.9747916666667,54.807569444444,3.2753472222222,0.72
2022/02/21,24.102849200834,4.4709027777778,57.339930555556,2.5207638888889,0.11
2022/02/22,13.953509381515,4.6711111111111,58.789791666667,2.8234027777778,1.22
2022/02/23,27.278958333333,5.5078472222222,47.471666666667,0.90659722222222,0
2022/02/24,54.721111111111,3.9065277777778,57.909583333333,1.6759722222222,0.22
2022/02/25,72.211118832522,1.3549305555556,69.708263888889,1.0246527777778,0.11
2022/02/26,27.893745656706,2.234375,61.540902777778,1.7470833333333,0
2022/02/27,20.042321056289,0.50875,56.395625,2.174375,0
2022/02/28,19.44530924253,0.72951388888889,49.553402777778,1.1420833333333,0
2022/03/01,27.745656706046,0.424375,50.785694444444,0.91645833333334,0
2022/03/02,21.588950660181,1.4316666666667,49.297291666667,1.233125,0
2022/03/03,51.546143154969,1.1775694444445,63.091458333333,1.4477083333333,0.42
2022/03/04,12.277345378735,1.0804861111111,57.586388888889,1.7481944444444,0
2022/03/05,20.271021542738,0.30361111111111,49.414097222222,1.6228472222222,0
2022/03/06,37.234190410007,0.39180555555555,50.246666666667,1.6847916666667,0
2022/03/07,60.55191104934,2.0256944444444,55.738541666667,1.5420138888889,0
2022/03/08,42.449965253648,3.7969444444445,54.747777777778,1.7897222222222,0.01
2022/03/09,52.79680333565,-0.60381944444444,47.253958333333,2.5641666666667,0
2022/03/10,51.478387769284,-1.5670138888889,37.402708333333,2.043125,0
2022/03/11,41.555416666667,1.1299305555556,32.843125,1.0648611111111,0
2022/03/12,26.091313412092,2.97875,38.119722222222,1.4519444444444,0.01
2022/03/13,20.713864306785,5.7656944444445,39.667013888889,1.2219444444444,0
2022/03/14,37.854829742877,8.2638888888889,38.299861111111,1.0306944444444,0
2022/03/15,44.629930555556,8.2880555555556,45.580416666667,1.2455555555556,0
2022/03/16,52.958263888889,5.1014583333333,42.807222222222,2.4999305555556,0
2022/03/17,47.68255733148,4.0009027777778,32.954930555556,2.0897222222222,0
2022/03/19,47.14871438499,4.3571527777778,30.80125,1.7461111111111,0
2022/03/20,45.1,6.0788194444444,32.554027777778,1.2923611111111,0
2022/03/21,5.4696156635243,8.6915972222222,35.384652777778,1.121875,0
2022/03/22,30.075608061154,10.428402777778,34.114236111111,0.83597222222222,0
2022/03/23,31.591243919388,8.5406944444445,36.331805555556,1.2934722222222,0
2022/03/24,27.501944444444,8.85625,43.759861111111,0.90326388888889,0
2022/03/25,12.431041666667,9.9329861111111,47.889097222222,2.7749305555556,0
2022/03/26,10.000625,6.851231884058,34.007173913043,1.1804347826087,0
2022/03/27,16.949652777778,10.125208333333,36.518541666667,1.9325,0
2022/03/28,13.460041695622,10.604583333333,54.276041666667,1.8485416666667,0.81
2022/03/29,17.2723419041,8.9797916666667,57.494375,1.1528472222222,0.75
2022/03/30,11.526824183461,3.3661805555555,77.781875,2.7394444444444,1.6
2022/03/31,7.4536111111111,0.73861111111111,77.465902777778,2.135,0.01
2022/04/01,9.4738012508687,0.11319444444444,70.719444444445,1.8817361111111,0
2022/04/02,2.1826388888889,0.43861111111111,56.777708333333,2.1861111111111,0
2022/04/03,13.232916666667,3.1845833333333,45.768402777778,2.5863194444444,0
2022/04/04,16.94510076442,5.7470833333333,63.607847222222,3.4325694444444,0.53
2022/04/05,15.88596247394,11.377291666667,55.048194444444,2.64125,0.02
2022/04/06,24.690069444444,13.374513888889,48.342638888889,2.3102777777778,0.02
2022/04/07,23.981584433635,10.716597222222,47.162638888889,3.7054861111111,2.08
2022/04/08,20.214176511466,5.7527083333333,70.099375,2.0479861111111,1.08
2022/04/09,23.934537873523,4.2480555555556,60.684097222222,2.2706944444444,0
2022/04/10,6.9173731758165,5.2902777777777,56.528194444444,1.9613888888889,0.03
2022/04/11,14.416843971631,8.4925694444445,46.826736111111,1.1184722222222,0
2022/04/12,24.459499263623,10.27625,37.894583333333,1.5461805555556,0
2022/04/13,26.330715774844,14.595069444444,35.15625,0.94222222222222,0
2022/04/14,25.583055555556,11.659097222222,64.046736111111,1.5297222222222,2.84
2022/04/15,12.376441973593,6.8895138888889,58.857013888889,2.4507638888889,3.58
2022/04/16,20.376180555556,4.4701598579041,54.660035523979,1.3440497335702,0
2022/04/20,27.298125,10.104572271386,55.976991150442,1.3221238938053,0.14
2022/04/21,20.895135510771,8.5870138888889,69.314861111111,2.1391666666667,0
2022/04/23,22.909173036831,9.8304166666667,66.782430555556,1.4546527777778,3.08
2022/04/24,21.201598332175,10.438611111111,72.943333333333,1.6019444444445,5.19
2022/04/25,26.684722222222,9.0572222222221,66.835902777778,1.4225694444444,0
2022/04/26,24.301597222222,9.3040972222222,63.944513888889,1.5455555555556,0
2022/04/27,28.816400277971,12.420694444444,48.713611111111,0.96534722222222,0
2022/04/28,13.260806115358,11.908819444444,46.040902777778,1.3788888888889,0
2022/04/29,12.790896455872,11.725277777778,44.015833333333,0.95888888888889,0
2022/04/30,24.253055555556,13.72125,43.116736111111,1.1236111111111,0
2022/05/01,20.801181375956,15.14125,42.922222222222,1.0270833333333,0
2022/05/02,23.383611111111,15.029305555556,47.415416666667,1.0667361111111,0.54
2022/05/03,6.0242529534399,15.843333333333,41.075416666667,1.1104166666667,0
2022/05/04,6.2855670103093,15.9075,48.865069444444,1.4873611111111,2.98
2022/05/05,12.548039215686,14.671111111111,70.612013888889,1.2841666666667,0.15
2022/05/06,11.115277777778,15.818472222222,55.621111111111,1.0053472222222,0.01
2022/05/07,7.4985416666667,16.861597222222,54.057013888889,0.88694444444445,0
2022/05/08,11.454444444444,16.668472222222,46.220347222222,1.3718055555556,0.97
2022/05/09,12.124513888889,12.675257731959,47.453608247423,1.7273611111111,0.97
2022/05/10,6.4873611111111,24.140858895706,31.240490797546,1.5092783505155,0
2022/05/11,5.4427380125087,21.694722222222,39.324375,2.5673619631902,0
2022/05/12,3.2502777777778,18.053125,45.993055555555,2.42125,0.57
2022/05/13,6.7511466296039,16.481111111111,44.894652777778,1.5227083333333,0
2022/05/14,9.6671994440584,16.510625,44.536458333333,1.9289583333333,0.05
2022/05/15,3.8916666666667,16.772986111111,43.783402777778,1.6688194444444,0
2022/05/16,2.7731758165393,16.657152777778,40.427222222222,1.1870833333333,0
2022/05/17,3.4997915218902,13.307083333333,32.4875,2.1046527777778,0
2022/05/18,10.881584433634,16.655486111111,37.384305555556,1.44125,0
2022/05/19,17.761848505907,19.906527777778,45.41125,1.2021527777778,0
2022/05/20,8.2531619179986,19.508125,44.930416666667,1.9182638888889,1.54
2022/05/21,2.990340514246,14.624305555556,48.200069444444,3.5796527777778,0
2022/05/22,4.0421527777778,13.9675,51.705347222222,2.9488888888889,0
2022/05/23,5.451875,15.836875,57.959444444444,1.4714583333333,0.37
2022/05/24,9.7163194444444,14.764236111111,77.200694444445,1.1688888888889,2.44
2022/05/25,10.628194444444,16.500833333333,55.506041666667,1.1663888888889,0
2022/05/26,10.354861111111,15.479930555556,58.933819444445,2.2577777777778,1.81
2022/05/27,9.1066666666667,12.128819444444,56.656180555555,2.4468055555556,0.51
2022/05/28,7.4415566365532,13.281875,47.839930555556,2.5860416666667,0.02
2022/05/29,15.364767199444,13.617222222222,56.898333333333,1.5488888888889,0
2022/05/30,14.521473245309,16.777777777778,48.097361111111,1.9547222222222,0
2022/05/31,14.009312022238,17.924375,50.819305555556,1.4565972222222,0.12
2022/06/01,14.943661971831,17.818472222222,52.636805555556,1.58375,0.88
2022/06/02,11.609691011236,19.095416666667,41.704375,1.8434722222222,0
2022/06/03,14.586180555556,17.245625,66.925,1.6077083333333,1.57
2022/06/04,14.505763888889,19.703888888889,54.554583333333,1.1557638888889,0
2022/06/05,9.4296527777778,20.843888888889,47.595972222222,1.646875,0.01
2022/06/06,10.043710910354,21.548958333333,57.786180555556,1.3636805555556,0.49
2022/06/07,9.460041695622,18.083125,73.691041666667,1.3645138888889,7.92
2022/06/08,6.3756606397775,18.854097222222,72.938125,1.2810416666667,14.09
2022/06/09,5.8976388888889,18.238194444444,70.097708333333,1.1269444444444,0
2022/06/10,10.819110493398,19.449166666667,53.913263888889,1.7992361111111,0
2022/06/11,11.985138888889,20.184166666667,51.372847222222,1.7131944444444,0
2022/06/12,8.3905555555555,17.488819444444,64.611458333333,1.0939583333333,8.26
2022/06/13,9.2469075747047,15.389916550765,55.844158553546,1.6733333333333,0
2022/06/14,8.078596247394,17.508611111111,46.183333333333,1.8708623087622,0
2022/06/15,3.9904100069493,19.307013888889,53.931388888889,1.2475,6.19
2022/06/16,5.0601806810285,17.977986111111,60.544930555556,1.2320138888889,0
2022/06/17,5.6120138888889,20.720763888889,49.561041666667,1.8990972222222,0
2022/06/18,5.574148714385,24.666111111111,44.945277777778,1.3661805555556,0.16
2022/06/19,7.3884642112578,22.854444444444,53.285347222222,1.3392361111111,1.23
2022/06/20,8.2905489923558,15.987569444444,53.577013888889,1.6422916666667,0
2022/06/21,9.905489923558,18.484652777778,46.161388888889,3.2617361111111,0
2022/06/22,13.074375,20.368263888889,44.382222222222,1.8613194444444,0
2022/06/23,16.80981210856,22.541111111111,41.385902777778,1.3289583333333,0
2022/06/24,19.256011118833,24.661527777778,39.080138888889,2.26875,0
2022/06/25,16.530298818624,25.226666666667,37.870833333333,1.7952777777778,0
2022/06/26,12.747602501737,26.554166666667,41.584722222222,1.90375,0
2022/06/27,7.8339583333333,23.640694444444,59.044166666667,1.739375,1.8
2022/06/28,8.8036805555556,25.11,57.691527777778,1.2466666666667,0.02
2022/06/29,10.717373175817,28.666180555556,46.742569444444,1.3263194444444,0
2022/06/30,7.5341209173037,28.719791666667,44.543888888889,1.3328472222222,0.07
2022/07/01,8.5995135510771,18.672708333333,69.364166666667,1.6454861111111,0
2022/07/02,7.1371785962474,21.554930555556,55.081597222222,2.0449305555556,0
2022/07/03,5.4451388888889,24.669305555556,47.302152777778,1.5814583333333,0
2022/07/04,4.8201528839472,20.083402777778,70.311388888889,1.3211805555556,19
2022/07/05,2.5178472222222,18.304097222222,64.497361111111,1.2076388888889,3.47
2022/07/06,4.4849895760945,18.065208333333,58.6925,1.81875,0.05
2022/07/07,3.3197359277276,16.800972222222,71.962847222222,1.206875,21.64
2022/07/08,8.3523974982627,17.743402777778,57.121805555555,1.2470833333333,0.01
2022/07/09,6.1523936170213,15.754375,56.295902777778,1.9490277777778,0
2022/07/10,5.0800694444444,14.257708333333,63.344513888889,2.4661111111111,3.99
2022/07/11,4.194788047255,16.021666666667,65.953819444445,2.1671527777778,2.02
2022/07/12,4.945625,21.145138888889,45.911458333333,2.1716666666667,0
2022/07/13,7.4304166666667,22.905486111111,51.992083333333,2.6581944444444,5.96
2022/07/14,10.287352328006,18.265899025686,55.527192205492,1.7546527777778,0
2022/07/15,9.2365277777778,16.446111111111,54.642916666667,2.0123117803366,0.55
2022/07/16,17.263794301598,16.964305555556,53.115208333333,1.9956944444445,0
2022/07/17,19.684294649062,18.925902777778,48.715902777778,2.1047916666667,0
2022/07/18,12.008888888889,22.465833333333,46.808333333333,1.2890277777778,0
2022/07/19,5.7509722222222,25.230277777778,44.062638888889,1.1553472222222,0
2022/07/20,12.603402777778,25.546111111111,42.432569444444,1.0007638888889,0
2022/07/21,12.227152777778,25.467986111111,49.114375,1.4769444444444,0
2022/07/22,4.2371091035441,24.799375,57.507916666667,1.5577777777778,12.67
2022/07/23,5.444375,22.108125,52.621180555556,1.1711111111111,0
2022/07/24,10.315288394719,22.377291666667,45.058680555556,1.7408333333333,0
2022/07/25,4.4042390548992,19.639861111111,66.075555555555,1.0489583333333,7.41
2022/07/26,10.156111111111,19.3275,62.748402777778,1.5354861111111,0
2022/07/27,16.163029881862,20.671805555556,46.785069444444,1.1699305555556,0.09
2022/07/28,16.64871438499,20.997986111111,53.509722222222,1.531875,2.91
2022/07/29,11.880208333333,19.850069444444,73.344375,2.3766666666667,6.77
2022/07/30,13.460833333333,15.933819444445,81.218125,1.416875,1.21
2022/07/31,11.073888888889,19.964166666667,63.600972222222,2.060625,0.36
2022/08/01,3.3839471855455,21.330416666667,64.637638888889,1.5613194444444,0
2022/08/02,2.3119444444444,22.303402777778,56.745972222222,1.8643055555556,0
2022/08/03,3.6467361111111,23.555138888889,48.969097222222,0.96041666666667,0
2022/08/04,4.1624305555556,25.602708333333,44.131180555556,1.5727083333333,0
2022/08/06,3.4210562890896,19.979652777778,65.739652777778,0.98097222222222,0
2022/08/07,8.0672222222222,18.591805555556,54.507708333333,1.7809722222222,0.28
2022/08/08,10.143363446838,18.774930555556,47.370625,1.3659722222222,0
2022/08/09,14.86851980542,20.558541666667,45.611319444444,1.5632638888889,0
2022/08/10,13.539652777778,20.056805555556,47.107708333333,1.9234722222222,2.23
2022/08/11,20.546977067408,18.433125,56.203263888889,1.5884027777778,0.03
2022/08/13,16.249791666667,18.985763888889,62.076666666667,1.3665972222222,0.02
2022/08/14,15.733611111111,21.638194444444,67.801458333333,1.8228472222222,0.03
2022/08/15,11.082418346074,22.12125,65.580208333333,1.3350694444444,0.01
2022/08/16,9.1471527777778,22.913611111111,65.161666666667,1.1372916666667,0
2022/08/17,11.241348158443,24.038263888889,61.854375,0.85423611111111,0
2022/08/18,15.750312717165,24.575,57.986597222222,1.261875,0
2022/08/19,10.328402777778,26.769930555556,52.110625,1.7290972222222,0.19
2022/08/20,10.051146629604,19.502430555556,76.537638888889,1.5865277777778,15.13
2022/08/21,13.649236111111,18.769652777778,79.015625,1.6009027777778,21.52
2022/08/22,10.19298123697,20.781666666667,71.57375,1.3313194444444,0
2022/08/23,10.711319444444,21.553541666667,71.834930555556,1.2426388888889,5.8
2022/08/24,8.6005555555556,23.053888888889,63.975486111111,1.3655555555556,0
2022/08/25,3.6838888888889,23.554097222222,49.664444444444,1.0815972222222,0
2022/08/26,2.2039583333333,22.563125,54.205208333333,1.5897916666667,4.08
2022/08/27,2.3087560806115,20.741944444444,70.825069444444,1.16375,2.97
2022/08/28,8.7423210562891,19.845833333333,65.686041666667,1.2675694444444,0
2022/08/29,8.9469770674079,18.047638888889,62.095555555556,1.7868055555556,0
2022/08/30,3.6026388888889,17.415,58.792361111111,1.2513194444444,0
2022/08/31,7.5856845031272,16.604097222222,49.293402777778,1.4928472222222,0
2022/09/01,13.642807505212,15.704444444444,47.840763888889,1.6761805555556,0
2022/09/03,6.7615705350938,14.796736111111,69.40375,2.0118055555556,0.03
2022/09/04,5.9819444444444,17.244097222222,53.764444444444,1.4461805555556,0
2022/09/05,6.1683113273106,16.418888888889,42.229861111111,1.5890277777778,0
2022/09/06,11.017430555556,16.89,42.014513888889,2.2579166666667,0
2022/09/07,9.2943710910354,19.446666666667,54.101180555556,1.69625,4.58
2022/09/08,8.3343293954135,19.413194444444,63.164722222222,2.0298611111111,0
2022/09/10,9.7516330785268,14.298194444444,77.018819444444,1.465625,4.26
2022/09/11,4.2642807505212,14.034236111111,61.186597222222,1.8573611111111,0
2022/09/12,4.9043780403058,14.670347222222,63.377361111111,2.0247916666667,0
2022/09/13,9.7798471160528,16.41875,71.785347222222,1.2197222222222,0.45
2022/09/14,10.606184850591,16.331319444444,79.387777777778,1.1111111111111,2.51
2022/09/15,9.6822793606671,13.932569444445,69.669722222222,1.126875,0.22
2022/09/17,16.744753300903,9.7388194444444,73.97375,1.7160416666667,5.27
2022/09/18,19.096108408617,8.9361111111111,74.255416666667,2.2645138888889,0.68
2022/09/19,25.202362751911,10.714791666667,72.098819444444,1.7317361111111,0.85
2022/09/20,27.487004864489,10.234444444445,73.154375,1.6023611111111,0.91
2022/09/21,15.322083333333,9.6129861111111,75.174027777778,1.7096527777778,2.45
2022/09/22,5.3230020847811,10.479513888889,68.172361111111,1.2179166666667,0
2022/09/23,8.9930555555555,10.075138888889,64.157361111111,0.97902777777778,0
2022/09/24,15.834329395413,10.722361111111,73.227777777778,0.74152777777778,0.2
2022/09/25,21.131688672689,11.766527777778,77.56625,0.644375,0.97
2022/09/26,4.112022237665,11.432638888889,74.005972222222,0.64361111111111,0.83
2022/09/27,4.948575399583,12.564722222222,60.853611111111,1.9283333333333,0.24
2022/09/28,6.1515972222222,10.698263888889,73.425625,1.5588194444444,0.5
2022/09/29,19.187977762335,10.958472222222,80.451111111111,0.98826388888889,2.55
2022/09/30,16.729047949965,12.218194444444,79.545416666667,1.1036111111111,1.04
2022/10/01,14.414027777778,12.153958333333,69.716805555556,0.985625,2.23
2022/10/02,23.120361362057,10.619652777778,74.506805555556,2.4165972222222,1.07
2022/10/03,9.1438498957609,10.647847222222,70.72,2.9165277777778,0.44
2022/10/04,13.114384989576,10.833194444444,68.7,1.7926388888889,0
2022/10/05,23.533425990271,13.349583333333,68.905763888889,0.76451388888889,0
2022/10/06,20.424027777778,14.061111111111,68.458055555556,1.2020833333333,0
2022/10/07,26.593815149409,13.851319444444,68.849097222222,0.93479166666667,0
2022/10/08,32.882835302293,11.868819444444,60.589930555556,1.1590277777778,0.01
2022/10/09,24.957887421821,10.056666666667,62.765833333333,1.4997222222222,0
2022/10/10,15.939027777778,10.443055555556,71.487638888889,1.2511805555556,0.05
2022/10/11,20.557916666667,7.9760416666667,66.164166666667,1.043125,0
2022/10/12,19.941834607366,9.3347916666667,64.178333333333,0.92791666666667,0.03
2022/10/13,6.2786805555556,11.728472222222,69.469236111111,0.85097222222222,0.18
2022/10/14,7.922724113968,14.123125,61.862222222222,0.54048611111111,0.18
2022/10/15,16.344930555556,15.576944444445,62.970416666667,0.79986111111111,0
2022/10/16,21.645239749826,15.419027777778,64.648055555555,0.62236111111111,0.01
2022/10/17,14.125416666667,14.330195783133,61.282530120482,0.67076388888889,0.96
2022/10/18,15.879930555556,11.521147798742,69.607075471698,1.1989457831325,0.1
2022/10/19,10.141041666667,7.0511969111969,64.175907335907,1.787106918239,0
2022/10/20,15.834954829743,7.4131327953045,65.519515774028,1.2912741312741,0.01
2022/10/21,25.878665740097,9.5745833333334,76.561180555555,0.83550990462216,1.51
2022/10/22,27.319444444444,12.971736111111,72.482986111111,1.1005555555556,0
2022/10/23,18.835302293259,13.218402777778,71.281388888889,1.1115277777778,0.1
2022/10/24,19.164533333333,14.422916666667,72.804236111111,1.0267361111111,0.26
2022/10/25,23.504375,12.375416666667,68.638888888889,1.6302777777778,0
2022/10/26,25.609451007644,11.167638888889,71.529027777777,0.88569444444445,0
2022/10/27,16.797638888889,12.147291666667,72.091111111111,0.78569444444445,0
2022/10/28,19.947741487144,13.510833333333,69.952430555556,1.0249305555556,0
2022/10/29,19.878680555556,14.2896,70.018066666666,1.4978472222222,0
2022/10/30,13.901875,13.744791666667,68.951527777778,0.82393333333333,0
2022/10/31,14.068450312717,10.689722222222,75.360416666667,0.718125,0
2022/11/01,16.543293954135,12.774861111111,66.553819444444,1.4158333333333,0
2022/11/02,25.823002084781,10.080972222222,64.120972222222,1.743125,0
2022/11/03,40.598193189715,11.582083333333,63.320625,1.1633333333333,2.48
2022/11/04,37.430507296734,9.1436805555556,79.16,1.1402777777778,4.46
2022/11/05,27.242222222222,8.5711805555555,73.970625,1.3029861111111,0
2022/11/06,24.59680333565,8.8980555555555,70.704375,1.1975,0
2022/11/07,32.89617790132,8.6397222222222,67.059027777778,1.26,0
2022/11/08,21.517847222222,7.2461111111111,69.530069444444,0.65944444444444,0
2022/11/09,32.187143849896,7.938125,79.091527777777,0.624375,0.25
2022/11/10,33.190826963169,8.8641666666666,69.626805555556,1.3508333333333,0
2022/11/11,4.7364836692147,8.0699305555555,70.043611111111,1.2776388888889,0
2022/11/12,15.047569444444,6.3327777777778,78.341736111111,1.1434722222222,0
2022/11/13,23.971369006254,5.1796527777778,83.055347222222,1.1727777777778,0
2022/11/14,79.344652777778,6.1270138888889,79.506736111112,1.5290277777778,0.01
2022/11/15,76.163958333333,6.0771527777778,81.726805555556,0.69756944444444,3.96
2022/11/16,44.330298818624,1.6794444444445,75.650277777778,1.5646527777778,1.32
2022/11/17,25.201666666667,-0.39020833333333,70.088125,2.6999305555556,0
2022/11/18,26.596388888889,-1.4514583333333,63.720833333333,2.1929861111111,0
2022/11/19,60.796041666667,-2.860625,72.302152777778,0.99881944444444,0
2022/11/20,22.22084781098,1.4189583333333,73.237569444444,0.60368055555555,0.09
2022/11/21,28.316666666667,2.0981944444444,74.501875,0.62347222222222,0
2022/11/22,32.736622654621,0.44791666666667,77.299166666667,1.2675,0
2022/11/23,25.400555941626,0.79333333333333,76.969027777778,1.9218055555556,0
2022/11/24,17.844753300903,3.2425,80.191805555556,1.1584722222222,0.19
2022/11/25,17.842390548992,3.6314583333333,70.480763888889,0.65895833333333,0.19
2022/11/26,41.744544822794,3.0540972222222,69.484930555556,1.2765972222222,0
2022/11/27,22.800486448923,-1.0229861111111,79.724097222222,0.82555555555556,0
2022/11/28,33.055802640723,-0.54944444444444,74.799861111111,1.2659027777778,0
2022/11/29,35.212995135511,1.344839609484,68.997559274756,1.5352083333333,0
2022/11/30,12.090902777778,-0.88672316384181,73.475494350282,2.0651388888889,0
2022/12/01,35.93488533704,-0.15104166666667,80.083333333333,2.076290097629,0.14
2022/12/02,19.249513888889,1.7025,78.968333333334,2.1887005649718,0
2022/12/03,18.760667129951,3.1465972222222,76.891805555555,1.4202083333333,0
2022/12/04,25.736761640028,3.4292361111111,79.549027777778,2.2463194444444,0.04
2022/12/05,18.265902777778,2.7690277777778,70.713333333333,1.3470833333333,11.69
2022/12/06,50.487977762335,2.3754166666667,71.016388888889,1.4032638888889,0.33
2022/12/07,50.245763888889,0.92111111111111,79.232847222222,2.2543055555556,0.02
2022/12/08,36.953611111111,-1.3225694444445,78.071180555556,1.1809722222222,0.05
2022/12/09,36.363307852675,-2.2888888888889,74.711458333333,1.5475,0.02
2022/12/10,67.979236111111,-3.1756944444444,66.094097222222,1.8844444444444,0
2022/12/11,80.343780403058,-6.0334722222222,72.648125,2.3406944444444,0.01
2022/12/12,82.464583333333,-1.8465972222222,74.429513888889,1.8520833333333,0
2022/12/13,56.839305555556,-1.4063888888889,75.999027777778,1.0739583333333,0.05
2022/12/14,22.665902777778,-4.8709027777778,68.871458333333,1.15,0
2022/12/15,24.957916666667,-8.3890972222222,69.432847222222,1.6866666666667,7.25
2022/12/17,22.356041666667,-0.70118055555556,69.240555555556,1.2495138888889,0
2022/12/18,34.143541666667,-0.027083333333333,75.215347222222,0.92430555555556,0.18
2022/12/19,6.7664583333333,3.6475,74.880486111111,0.77902777777778,0.03
2022/12/20,9.1332870048645,5.1752083333333,76.959722222222,0.76069444444444,0.67
2022/12/21,15.657847222222,5.9676388888889,77.277291666667,0.71444444444444,0
2022/12/22,51.201945795691,6.0034027777778,73.799652777778,1.0203472222222,0.18
